date,moisture,moisture_ssd,moisture_ceq,moisture_eeq,moisture_jon,moisture_lak,moisture_nbg,moisture_uni,moisture_upn,moisture_war,moisture_wbg,moisture_weq,moisture_aby
2012-02-01,18246494.0,21.59480933187213,32.66299664911441,16.66994939572946,17.547145595737078,26.47105970217223,16.028929717176876,15.244356961456049,6.653272954263892,20.18007651660719,27.574119543114264,38.869854789688944,9.650515795042322
2012-02-16,16254404.0,19.37155209242714,28.91588593311906,14.183608992250162,15.121206582837834,23.841333564825355,14.373764045392154,13.784384011005,5.8014132086797705,18.186393425748008,25.098583589322025,36.37166522832164,8.455541926332435
2012-03-01,14547962.0,17.492040789791407,25.888486174747545,12.276699341534792,13.293249626344348,21.613704802131245,12.944879816133048,12.584439730430413,5.028750702453478,16.534044743343397,22.937367498810193,33.77378897602341,7.481434866524045
2012-03-16,13039464.0,15.798724235500988,23.722915099500785,10.448078121612832,11.5869490609871,19.03021113210984,11.81013981549462,11.582768147668052,4.462633067039605,15.04591511117211,20.69069895729676,31.71731204582692,6.766041385685052
2012-04-01,13112312.0,16.134418089170396,29.817220018692016,14.596154888358983,10.76120459271534,18.909622762876268,10.697948255498453,10.583093866564376,3.969847583560034,14.19798586329948,19.03816575087613,32.37949795504859,6.253844845828295
2012-04-16,18664098.0,23.73093783085982,51.52681278351456,31.762010893128117,15.099093885044024,29.520105651441323,9.49884185367255,10.141081750482792,3.614097602717856,17.006708070271753,22.103766008307012,50.31423773967206,5.628801971909589
2012-05-01,25564802.0,31.705849756363342,59.723261300690694,39.722729920875786,25.486548396529876,41.89372808415684,10.145136383949948,15.561704716806434,7.674251567748445,24.890064850398023,26.704124843161857,65.04416969969857,5.187547597316529
2012-05-16,41767800.0,51.1587167437512,74.82980008662153,48.744092781270325,50.03247148844917,61.10948813698256,33.811113416541644,32.70680008465384,24.540965809673423,45.18092574800989,53.274942672954616,83.78137780946307,12.745663194121477
2012-06-01,48417044.0,58.34553064497155,77.55129476395632,49.77370339258617,53.13571823114663,69.06249146135981,51.56453698087911,42.89988360096294,25.702309794755863,60.166421905023334,70.15718967680526,89.48516628519255,28.58979687936006
2012-06-16,60731996.0,69.76500671780869,85.20764662973853,54.07864662367223,62.151399584105015,83.0874470604308,75.6146694544642,65.96297055633448,37.18687178308237,81.69314438649465,82.5024931856531,93.142271084262,59.80850037205841
2012-07-01,72318464.0,80.64256923677026,91.54605188173882,66.63790510513765,80.0165870617669,92.23621294230156,85.79457017907875,80.81246527869634,51.61323869369197,89.55345868789459,89.14460476787954,95.3203319450177,78.32987047716492
2012-07-16,81560112.0,88.6774523097498,94.66756707469968,72.52935996097985,90.94186405432627,95.01182886288082,92.3743735435886,90.02499272506019,74.48669808549498,94.38175267636564,93.97495997923248,97.00225132265206,86.15335782717887
2012-08-01,87120424.0,91.5642402065494,96.53893409925004,73.08609500325169,94.20307372388471,97.42579352429529,95.89792351645544,94.73177296896908,80.18346807668237,97.30660170189404,96.76221174230952,98.03738446337223,92.55409380522742
2012-08-16,88646192.0,92.8274111360836,97.57833549887164,74.71150146325601,96.05097962764404,98.87669065075823,98.41462636064736,95.9581492553107,80.21435048597009,98.9848545155092,98.0378034006836,98.48220204370068,94.92419891172914
2012-09-01,88565928.0,93.48996662766004,98.1603296177255,76.61769049425537,97.5643093868798,99.43987658818708,99.42375586554728,96.6708751091241,79.02521169393464,99.54317869887456,98.59575779864146,98.55579527972684,96.02590456701702
2012-09-16,87918328.0,93.33219409204328,98.47387676947277,75.13463987643615,98.05246612730284,99.67274238353296,99.57144795224566,96.53907304039576,77.9668505817592,99.74254735108428,98.76125989702764,98.5724613210261,94.47604873965211
2012-10-01,85410016.0,92.62699754196308,98.23684150539106,72.39573623455452,97.93216525327357,99.40138439819664,98.45024260222812,96.80644691939366,75.95404677062979,99.66836398572605,98.4567234889456,98.5688592047828,94.13747558366664
2012-10-16,81169680.0,89.1344428552854,96.85767854293464,69.871375731628,92.96135100887028,93.8399346509404,93.55490471478278,89.00529747890268,69.76817758023934,97.23696129563548,97.43068835720156,98.3929808762648,89.90774114035904
2012-11-01,77426672.0,86.1369504244293,97.84054799516744,74.0328148710167,88.54833154628456,90.65160071041488,86.48953777891276,80.52833258379408,63.608075660625566,91.85104995882514,94.22820490632976,98.09543106575111,81.870593433169
2012-11-16,60687576.0,69.45299700949161,92.84491896327702,66.95667813787124,72.850326542548,73.07659160253199,60.27737255402688,55.365261501018495,38.003288759467154,68.76090447433434,73.53881473629559,90.87857866496569,51.66944935354851
2012-12-01,46364656.0,52.86098160496808,78.70633590918416,55.784721845870365,55.59350732689996,52.936785600437176,42.53116720400932,37.856157905875506,24.47199605348864,47.62824251990118,54.55102647860512,73.59368003702176,34.6226426611478
2012-12-16,36886572.0,41.81805264037744,61.68469762246689,43.32851113700412,43.93039851187575,42.624248599663005,33.44138043859929,29.461614772095977,17.613288184732493,37.881773263793576,45.21559295634491,58.79516716070692,25.21828783368989
2013-01-01,28547202.0,32.57177839280297,46.35943376872051,30.018311023195317,31.92553083471423,35.720493305706086,26.19695869377853,23.06192957858258,12.528604224938377,30.3768013999451,38.31917373339679,49.59334859229798,18.39237629057762
2013-01-16,23496348.0,27.17511191188216,39.685452711481915,23.349318502059397,24.690257741170356,30.750156541736875,21.559796661027228,19.178596465701965,9.441991711048956,25.47813958276146,33.30970395448449,44.53035220692156,14.426816400799924
2013-02-01,19903848.0,23.194288624304228,34.189370626182495,18.7361905213527,20.071441336062644,26.877806366410127,18.377138730168863,16.575689135208062,7.485880685083719,22.051725912709305,29.443719443603168,39.35833864895626,11.94811529160078
2013-02-16,17352798.0,20.314698379676926,29.259106658460414,15.812879362670714,17.08518333495792,23.96007901088392,16.227821647460658,14.925435173672652,6.317914080360678,19.737390200384297,26.361684982477392,35.07302415168912,10.521821371267787
2013-03-01,16362526.0,19.49523561862659,31.597489115320613,14.01149435020594,14.883873306365142,21.62369074183706,14.868218709100775,13.819088780720088,5.564869184004496,18.14785376063684,24.02744937913728,38.74229860042775,9.517520172542088
2013-03-16,16573713.0,20.233324665193084,37.85457555449178,14.284489824951224,13.433954332780973,21.929709913930505,13.057085341718007,12.659152535647204,4.747441632501884,17.83746740323909,24.49418887638991,44.963359723837755,8.35923983815459
2013-04-01,18582364.0,23.049606528347915,51.78723016252935,24.61579537448515,14.63944564934854,23.36418011976866,11.922743360360071,11.200668467765404,4.037918518589473,15.266061625034313,23.45222385670402,52.36178755018573,7.510217072830434
2013-04-16,19711278.0,24.7344577149544,60.410358111650595,28.09356709299805,17.936681612892745,27.307311352976,10.62272560411147,10.040095665458583,3.549672241592909,14.69061384847653,20.495412484316187,56.24690755819043,6.708849758162032
2013-05-01,31453898.0,39.176009683550966,73.79358430782557,41.22664887275092,33.85687160866881,48.934144314404115,27.86064536980879,17.616068357979948,9.125164437973355,33.361041723853965,39.92768679963657,70.80127700023763,11.21073693726165
2013-05-16,37058112.0,45.936289169158755,69.20348081788963,31.0472374268372,32.3605513045456,64.67666446559497,38.87893031570211,35.356035554614955,14.77773254403106,58.025528410650566,55.905221087699566,82.91728265355897,17.77009406101758
2013-06-01,47838724.0,57.60133984682158,79.38058765871116,34.06803124322567,43.45643256327777,77.2681588414773,58.64292383566891,55.66990291262136,22.88620413298083,73.9712119132583,72.7834551983732,90.87044888872212,38.85847828109013
2013-06-16,56660872.0,67.1445598132635,84.71612072306185,40.967957402991544,59.10719855736426,85.95296916981647,70.41952628722827,68.77574005978678,33.58597391981813,80.27504117485589,82.02229264915849,93.61912623666404,53.95031276160357
2013-07-01,66599160.0,76.57178148856734,90.82879140167316,51.396613510730546,75.48637781460181,92.05118630174417,82.99963290452325,78.98833364196715,43.04763911771843,88.90247049135328,89.39553498031411,95.35171288131778,69.17752999720956
2013-07-16,76751832.0,84.1881791333098,93.47942738608128,64.68311023195318,86.34626506807031,94.82319322373516,93.17008491077983,86.5760032803365,53.51429173531553,94.4827889102388,94.83208583913814,96.37253136217528,86.70358571295694
2013-08-01,81607184.0,87.17178396517885,94.54316259773417,64.0357413830479,90.31997108230172,95.7832323876315,95.61474127749226,92.41492288563796,62.63600776530391,96.42672248147132,96.91890927183836,97.30666141358049,92.43758138777788
2013-08-16,86497216.0,89.5063494127335,95.33068339829948,64.65381801430739,92.363436982162,96.90695159160254,98.55331662782903,94.7109732546758,71.7663256574326,97.9005146856986,98.19836239345824,97.84614085775394,95.03102618361083
2013-09-01,88719328.0,90.9012451164317,95.84458273496092,63.66622181877303,94.13523085420933,98.05673072544288,99.63449261020844,96.73320150260577,77.26131269397295,99.25076173483392,98.7729524510016,98.11841957149824,97.4405113477816
2013-09-16,89078136.0,91.75418392555306,96.5890720098475,64.95535714285714,95.44982454430256,98.82625574935106,99.79149774954512,97.88914975794292,79.05368021763286,99.81183090859182,98.76599749058973,98.26815128888222,98.52369547018884
2013-10-01,85710496.0,90.9934865117546,97.189518794593,65.2513277693475,95.35334015661046,99.080513684594,99.54587097392026,97.61396523901485,73.10010600661583,99.6731951688169,98.19217539912604,98.36976098457843,97.99703515952004
2013-10-16,78769208.0,87.70595191658772,97.26627003122934,66.08169168653805,93.24489066510706,98.45523475568103,90.98070354646153,87.5552895426047,65.99221553827094,94.867643425748,93.52163284731536,98.45041461858844,87.09807227234676
2013-11-01,67822448.0,78.40354526936245,96.56905787686064,68.68379443962714,83.0465038827696,90.34135775763924,69.88206658792734,67.21570196555646,50.40992311327382,78.86858358495745,81.4203045904902,98.08844571185573,64.71259650265091
2013-11-16,56212408.0,65.44791995591632,90.60141557819873,67.00354297637112,69.1282207492608,73.16846737100961,50.11014460369649,46.0337524139573,31.540764652540965,59.433365358221245,66.6923376454809,93.11114029492327,42.773416426378944
2013-12-01,44164284.0,50.947765167697554,76.68780346030226,47.89406297420334,49.61988660363258,55.53288514959698,38.79342101062981,33.9270918758763,20.704378839546855,44.18040076859731,54.23574395361918,83.52338874088527,31.56071528229932
2013-12-16,32683590.0,37.62768789741875,55.645803414711985,31.795499810318663,34.76278958313026,42.591927000318776,30.897989354231175,26.48930914526071,14.15297840274851,34.90895553115564,43.33865411240428,62.28745012694958,23.643815110222302
2014-01-01,25688094.0,29.869980992006735,43.31115936082427,23.614012031216127,26.168849709198422,35.72555387312719,24.44767093880678,21.160910094971033,9.98651129672912,28.51097138347516,36.43526100030286,51.22329681187698,17.696115477629988
2014-01-16,21424038.0,25.12717400053247,36.93340969705259,18.724338825059615,20.698750284303213,30.762170408488547,20.00997542056373,17.580257466733684,7.51285569689771,23.95519832555586,31.751022152035652,45.589987242504975,13.837129976281275
2014-02-01,18548642.0,21.966347493359585,32.63554845107023,15.487301512031216,17.205512639308573,27.222053030648027,17.224566667730713,15.420260046030528,5.9730178040027075,21.049891916003293,28.239137606541775,41.791940264905634,11.63561529160078
2014-02-16,16051047.0,19.12155364030933,28.45946739155212,13.17843932907002,14.725562108067711,24.363885536682,14.576849642480926,13.398173990106082,4.965779340204605,18.315207246774637,24.95673430536927,36.72348129526097,9.541416932145848
2014-03-01,18117870.0,22.652904446136795,37.25840570790307,14.748955059072188,14.16331290411671,34.44737066806321,13.233256256583775,12.379541877199015,5.1859777513825565,17.338115907219326,25.244178059966252,55.58224206721449,8.509823940796204
2014-03-16,17098260.0,21.24291379534521,37.13228019786182,15.957431782462606,13.172642110991974,30.17247483947357,11.658506440131516,11.127889308483905,5.508646563725303,15.377072467746364,21.82819733483321,52.74093529948845,7.610167077481164
2014-04-01,20936770.0,26.07123044250856,44.8038620666074,19.21388094786473,17.245698898528122,45.208237510815614,12.390253415584,12.044438308510356,4.065662637138077,26.54083859456492,27.344789728724095,59.78100258902105,6.95332556273835
2014-04-16,28937570.0,36.50227538681576,65.75040461373635,21.94351730164752,28.22120008447867,65.50403593059794,20.84680547131867,19.85171192561043,5.814850425303652,39.90531155640955,38.90395827023753,74.69862294097783,7.738521416612408
2014-05-01,43089808.0,54.16720223390357,83.25075793840753,34.40084408194234,47.63907707053969,83.23218270413042,45.59832971558081,41.44493862596227,19.23602436874976,63.52679796870711,60.455073984337815,87.4212287218741,22.38644660961771
2014-05-16,51537732.0,63.38625852109144,89.24569741731062,45.8677311402558,60.98089076258245,85.37161300605675,57.435227599195585,49.09541083569218,32.084655223060906,70.73050370573704,68.70975749578159,92.23973459407402,29.55484373546647
2014-06-01,59584880.0,71.0185993523661,92.05620711664274,58.44132072404076,70.42348994378919,86.92789402978278,71.19499952117981,61.466469141028014,35.843458242333675,77.95288910238814,78.80462293947129,94.16562855677712,42.6528375267417
2014-06-16,62616512.0,74.25900403068522,92.38980829287196,56.74513941578149,72.83068525197388,92.12410059656632,79.00515529734733,74.3847649533081,35.873207147144846,85.92081388965138,83.41628088088954,95.54269383262668,56.203289228908936
2014-07-01,69745208.0,78.8875370717784,92.69292096924936,56.52719894862346,76.423343730708,93.55048044082152,88.35953809812622,78.11833020290469,49.194956384024934,90.98967883612409,90.17432289187904,96.55997898765524,69.36187331411031
2014-07-16,76906896.0,84.5846474853106,94.8382000957396,63.86943827227401,86.37617376612405,95.28661368914796,90.45826284036134,87.5168447924658,59.54930584824451,93.55380181169366,92.94785402154632,97.1636649031306,82.44892335596688
2014-09-01,86616648.0,90.77155735522658,97.35686931546196,68.73649875352265,94.33274848100857,98.45813789334667,97.75734988987136,96.83942223750694,71.95411701597763,98.68703678287126,97.94505256781898,98.30558578164673,96.19615035810622
2014-10-01,85213744.0,90.95435605005233,97.51277667601268,66.33266719054845,96.12950417519576,99.0330957693884,94.73551568934148,98.36486468611942,72.90834259294736,98.8645964864123,97.83996019556092,98.46127099671055,95.95793995907356
2014-10-16,81826240.0,90.5692429617797,97.7707492762543,68.00331264903534,96.63966598433896,98.9876588187076,87.29393973249913,97.7288497658792,75.542977380998,96.40699972550097,94.75009734781293,98.50502170024888,93.53428169472608
2014-11-01,68013760.0,79.31276507482463,94.77750233650184,59.406595491003685,88.5678428696754,92.37753882235074,63.52247262744597,81.25187164360732,52.61854541042441,81.65157150699973,81.40801172500325,97.2099358373044,70.44098223421076
2014-11-16,56866628.0,67.0238373856889,91.53451754086028,63.05355110557121,75.21431588523897,73.010878227606,46.443487247422354,55.61926933149917,33.745663946255924,60.296918748284384,68.74337494050967,91.67371455730242,43.77756138963817
2014-12-01,43681352.0,51.055420373844505,75.6199993161458,52.78110435183178,55.290838125873215,52.51434491552438,34.362893829603856,38.68976019152933,21.49233527465931,42.89537469118858,52.67161337775278,74.40132953109952,31.757993442470468
2014-12-16,32292390.0,37.83058429456817,54.52537099090474,33.47439979406026,38.31506075965819,42.67394063937338,27.09225069428927,30.354339170921403,14.703309194477438,34.25442286576997,42.41593475533249,57.95530499168262,23.635266486838432
2015-01-01,25488720.0,30.149813325408175,43.409189860721696,24.97705702633861,28.478766611430615,36.0450840202195,21.46420619593322,23.9243703870268,10.200286249792455,27.707027175404885,36.049301259031715,48.93520255650194,17.50180942470468
2015-01-16,20907838.0,24.88162725758617,36.70171134514121,19.555878089096034,22.0715489651363,30.38189352884922,17.26797371277173,19.31744861247057,7.478943956984304,22.6302206286028,30.670950871803747,43.22481645466711,13.373687622081668
2015-02-01,18353108.0,22.03347450018884,32.8164079418268,16.000171051918493,18.43214900737564,27.428423425474747,15.390064880135348,17.10055289542605,6.216563613548412,20.285226804831183,28.011657400597063,40.07369954848473,11.451481984234023
2015-02-16,16368594.0,19.78966757682139,29.292441701429254,13.583444545306742,15.793454730805472,25.0899204198734,13.846574041561592,15.35329257162509,5.293639124104372,18.435626544057097,25.791429606714836,37.24097907520668,9.994416943772672
2015-03-01,18615722.0,23.888043229253736,37.9345523034489,12.02988158465207,14.112650071481951,36.58612357120087,12.943053316627829,14.003333245152245,4.657508828563036,17.61723853966511,28.17927140570242,63.069690943429265,8.936964439354478
2015-03-16,16811518.0,21.609594702528,34.874541247805965,10.289634931172772,12.36360147187835,32.21208843754269,14.106196332237367,12.803650201052882,4.095648619998212,16.79851084271205,26.344600441310085,56.11155929108351,8.13772338038322
2015-04-01,21569126.0,27.713146472995646,48.40193530739246,21.59365515933232,14.228767626799232,38.952775627305435,20.031919350719825,12.089210602894104,3.797220040359145,22.640317046390336,34.815490741141346,67.40072917839231,7.36760461236164
2015-04-16,21583404.0,27.14853167895685,53.985000797829905,35.91094461305008,17.787127968937842,36.007701853454165,13.120228756344368,10.338507909843656,3.2926461103235116,17.583761666209167,25.170220763206853,60.2248508498743,6.266502098641987
2015-05-01,31150050.0,38.26325451517234,61.448232236887094,39.68755080750054,36.38640055885889,50.8304112209117,20.80833825454081,17.644764688764848,17.24672081944391,26.897440296458964,33.039918011508675,72.29203407001613,11.313759330527391
2015-05-16,39199384.0,48.49164143618701,69.25505482231188,35.562757424669414,48.20562026838223,63.50508333712828,34.92808519807195,26.9625076056189,24.794881987815625,40.5257720285479,50.38738480508805,86.28917614098283,13.019522893219236
2015-06-01,51696952.0,62.120196147630814,82.13813285007636,48.97941618794711,61.799838353315785,72.17290177148323,59.49211941775465,45.74759596306976,34.32112980063093,59.26843261048586,69.28800350452127,91.37812840043526,32.78605478560134
2015-06-16,61102448.0,72.63948585545258,89.40611821559644,56.69175089421201,76.4504906261169,84.82372261942712,66.72537667188048,64.11463982434327,42.113040729529864,75.58778479275323,80.86716890927184,94.45888209322978,48.993523858245744
2015-07-01,64314968.0,72.47723684454928,85.07848366728213,43.39304343702579,67.91885173993566,84.62642879912565,83.47270724933763,69.7466601412661,43.29352657189931,84.96953060664288,89.02449379137282,94.46638024839594,67.42237931355223
2015-07-16,71890112.0,78.8202661119057,89.34274772618478,47.03169371883806,75.23212951229814,89.4945523475568,91.18663612857918,80.88530726700351,54.966627073834246,91.6460266264068,94.31654263834206,95.88497617350193,81.01339991628686
2015-08-01,78524960.0,84.33567992272972,92.16425608060362,52.72581562974203,84.86220229392079,93.54083177740334,93.92351645545376,88.01158699505304,66.52312349132151,94.22924101015649,96.30062086271796,96.88443210386102,87.24466910054879
2015-08-16,80148056.0,84.17039087121002,89.31134172194488,42.88520892044223,82.82237547519252,93.9555193770208,95.30736265840967,92.13383905187692,73.06238425482458,97.17604309634916,97.37742828711114,97.14696759346116,90.8415031159892
2015-09-01,83721416.0,87.81054541176762,92.92950033052954,51.11387654454801,88.16940410046463,96.70514367685232,95.30740256009192,95.20971667416204,80.3089645835728,98.10188718089486,98.0331523385108,97.68807924655736,91.21521253836852
2015-09-16,82198032.0,86.78453479948735,90.96035355262258,44.36139375135487,88.77530298599603,96.91185846350017,95.89748459795064,96.31784212057882,77.23122852727435,98.37635190776832,97.9283303768442,97.8243280427251,91.8861326853316
2015-10-01,78846064.0,85.85785488294916,92.11226606487496,45.74492602427921,87.4480862332261,94.03554920533722,93.55258243687554,92.7764014179519,76.16955311186891,96.5634916277793,97.46640418811924,97.91132915587907,84.47964724211701
2015-10-16,81648656.0,88.31459157580598,95.66818254348172,54.45017816496857,89.97083861325015,95.03716585454713,95.39691799406263,92.44549086003016,80.05615796262947,96.9541929728246,98.22798857785662,98.11797556064188,83.84151474281462
2015-11-01,73563520.0,83.22451721554569,96.3264947913105,65.85920902883156,86.01707443870423,89.6942939113803,81.62075047083985,77.06626147456417,64.1709771766479,86.4263587702443,91.97849694976853,97.66851150050655,63.47170030694819
2015-11-16,57726076.0,66.97843490536248,91.42602407166792,61.73848363321049,69.85961107320402,71.08323466460222,56.88787228269544,50.309055977355094,38.923745481946945,63.29046802086193,74.11354540734652,88.48098883093817,37.996421844479585
2015-12-01,44811372.0,51.639358929113186,82.25276960951925,45.47334638521569,54.315978652890145,52.410401202240536,40.57914498675264,35.43675762545964,25.63204209612118,44.793068899258856,57.04806277852291,73.68026215401548,27.121744488884755
2015-12-16,32228142.0,36.858780516497326,56.05187034124325,30.219545984175156,35.66700783052279,39.07951181747803,30.62028561624158,26.69159711383297,17.136510658135048,34.06315193521823,44.779496387314495,54.174108538766525,19.3998566993768
2016-01-01,25222462.0,29.30105689395769,43.74425562470081,21.253295713201823,26.290827972187024,32.670795573568924,24.01207624413445,21.0093631782228,12.395127686884557,27.534660650562724,38.12179833859732,46.86300076294823,14.158257080736677
2016-01-16,20639972.0,24.3089634761719,37.05782842098065,16.387835668220248,20.125312733534784,28.136965481123912,19.160719985954607,17.016421523240126,9.167489654776045,22.714016607191876,32.94152641370657,41.93272610158469,10.596522997860664
2016-02-01,17148606.0,20.401081040919813,31.474309877134196,12.965239201712553,15.786515701660331,24.077732934104468,15.6249062310467,14.03383343033253,7.0174280304481655,18.99652587153445,28.506708886773676,37.25544382324616,8.172736838433634
2016-02-16,14974015.0,17.96175183114463,27.31123914381454,10.741886888955127,13.257931044286318,21.445432396739378,13.85928971015418,12.552576320732255,5.918918509010562,17.08887592643426,26.054874421321333,33.38128337898515,6.980254017068179
2016-03-01,15250595.0,18.907404139656123,29.01562036973717,9.978551613646218,11.736475289989276,23.03556059019081,12.365685949819644,11.316034132694902,5.268934713335121,15.515541792478729,24.933838640591876,46.20101184445862,6.204236088503395
2016-03-16,15298178.0,19.490630669118513,30.307036289863,8.401679865326251,9.918272979822596,24.158218156564505,11.75170479937434,10.021385842967115,4.737220136148256,14.702717540488608,24.488569744299745,56.21348792415544,5.441719810947819
2016-04-01,18420954.0,23.942022524781592,46.00119959424651,13.723151623130285,10.52541975338727,31.160754132701857,13.411054162543492,9.340921867146372,4.181685600980881,17.43943350260774,30.375521892441483,66.48295873825873,4.871440374732583
2016-04-16,25282062.0,33.33340763167834,70.65549134924434,27.95125867114676,19.21063009715047,52.053207113256526,13.00198311360807,12.689525409380703,5.4200192855409535,29.686762283832007,35.3013996452213,77.88050479656799,4.309454861757046
2016-05-01,34164840.0,43.54313947656816,79.2761688208074,38.18757790483416,36.85420931214868,62.86655243863564,18.134736010470203,22.513037022830083,18.718044752672515,36.66467197364809,41.902481828408256,83.29731842457444,4.6306048565249744
2016-05-16,43944624.0,54.68956913151426,84.28343477170667,42.05426918491221,50.28466062319264,72.45457443417277,33.360372043285345,43.7175769159546,34.239855933177516,53.019046802086194,52.58105287067884,89.45086488311883,15.971447423495489
2016-06-01,47051016.0,58.0884769458427,84.52080056531948,32.630819152395404,48.3229968807876,80.35138212122592,47.07787212308871,49.57981931694929,33.52459864362619,67.66916003293989,67.41106195647471,92.04427601215714,24.97569993488978
2016-06-16,59296448.0,69.96447919955916,91.08502017369896,44.148517098417514,65.3054634954674,90.2688988569607,72.8311121396878,62.95541784608873,37.20416171756261,79.36461021136427,84.82094492277074,94.67471514514776,46.42258278299693
2016-07-01,66859044.0,76.22062274396171,93.5321240511523,51.526006665944074,76.03916073691393,93.58020060112028,85.13374245858205,72.40285971270602,38.60765418853851,86.06811693659073,91.32955479600226,95.828230335322,62.12280252999721
2016-07-16,79103464.0,84.59577985400375,94.47348355330644,52.98785362020377,85.56129577281736,95.80391866660597,91.3057825517924,85.53316711198117,69.66438688583216,92.863601427395,95.28535888893695,97.02044326041548,80.43651753325273
2016-08-01,84222008.0,88.14702404170613,96.27178645512775,59.96626381964015,88.77663514962472,97.18435493419554,94.36671242059565,89.62758260363482,77.51304647687651,96.03497117760088,96.94227274693895,98.03296311583055,84.68426774253558
2016-08-16,83008608.0,86.12338478493724,93.3497629305432,50.46610462280512,83.87744094616109,96.03427979416183,96.05476106872666,90.35325123673977,76.99254122124731,97.15466648366731,97.51399645221304,98.23315572899078,86.19347618826156
2016-09-01,80331184.0,83.3352588987747,91.90603273382116,40.82610624864513,79.76174578418949,94.64318161118447,94.27154690841766,90.7222692521362,71.39034701201834,96.85616936590722,97.7181239994808,98.21656473177993,86.69004046135244
2016-09-16,82206720.0,85.731690101603,93.22963254234196,47.569132072404074,85.16789323195893,95.36074047087754,97.39220959555657,91.52978757175735,72.11789085150133,97.4609181992863,98.27218448492192,98.22289344990182,91.0275730164636
2016-10-01,78793664.0,84.99581452656476,93.09337459253688,49.36142084868849,84.52396269941839,94.31565075823124,94.60842883135952,89.07689611385942,70.59137003972054,97.32128053801812,96.88886124691732,98.12231561042113,87.19680727374198
2016-10-16,72528128.0,81.25665744128882,91.497606510292,46.245539101452415,79.7104331156383,91.19260326062206,87.89567306157628,86.37642522684585,67.91890493888654,92.97945374691189,90.31848418638862,97.80553575225444,78.32508022509533
2016-11-01,57337320.0,66.51865198036047,85.94463630354008,39.93645675265554,66.30216151671704,78.72129309167084,62.69603297475022,60.34581095738208,43.29431523557735,71.34597858907493,73.89831480119413,93.305454454492,46.97383673611757
2016-11-16,45838032.0,53.90924457157717,85.1143974104721,35.875105002167786,52.56486987035773,61.87360535543513,43.82955198391164,38.77292928758499,25.87121633012759,49.27526763656327,60.95548500843681,86.88073618250722,30.74994186587294
2016-12-01,35172472.0,41.38832030016531,70.6354487223324,25.57714102807284,38.73015969717646,45.46557220274147,33.21422614677435,29.026920584111533,17.33390327854196,37.673157425199015,48.6880813827716,70.30470401360799,22.08868797088643
2016-12-16,25655910.0,30.28957160812576,48.26044587293989,16.0724938353566,25.624291272703644,36.545323102144906,25.942290196954705,22.47536771513981,11.79417394663908,30.355260087839692,39.40875535412971,52.27946418520881,15.95030549483769
2017-01-01,20667120.0,24.59392394326083,38.26783434771707,11.763121037014958,18.796146473015565,31.03908989480395,20.824837600153224,18.004464167614614,8.504313702951581,25.11620230579193,33.98674988101934,45.39375633184496,11.96827984024742
2017-01-16,17694246.0,21.244851743844073,32.804067222868085,9.061282313570343,14.59442217402606,27.391143722391732,18.11748451814729,15.532676053543558,6.811635503275988,22.21769489431787,30.75985105784623,41.27151576551224,9.930463590596224
2017-02-01,15297014.0,18.508538118146753,28.55610168911988,7.361678273357901,11.8539331318842,24.163913429573295,15.82008830242283,13.3010990119309,5.462018021124692,19.61048929453747,27.69330571539826,37.092557502532735,8.229331864477723
2017-02-16,13778639.0,16.73392988712843,25.804018783195424,9.322868964068936,10.314872916463592,21.455106676078145,13.791177538545025,11.585974081373507,4.575516542779416,17.314840104309635,24.847120668022324,33.1400103810989,6.944840886894243
2017-03-01,12512808.0,15.205756883432088,23.152153285919443,8.973017830045524,9.428464234655747,19.21713192768341,12.26596566061225,10.454029820639663,4.034538759467157,15.508013656327202,22.35265326872323,30.515118256975978,6.140994151706818
2017-03-16,11379422.0,13.910936406808204,21.24765352526841,8.422297549046174,7.878193334308087,16.911118448016758,10.696885873208414,9.268238604798816,3.485994035531374,13.724878191051332,20.0435888352875,30.418592798268985,5.469450516231048
2017-04-01,12193770.0,15.430238497687464,20.383573822061138,6.578066571374377,6.689517537446795,18.82554419600164,9.52078478628659,8.224259113515515,3.045185719120784,14.380960918199284,21.716907151819324,44.94021174940277,4.8625676535903635
2017-04-16,15656629.0,20.139598850852263,35.91486300120814,9.339640519997833,8.391568277447444,29.649303816202924,8.779783613177132,7.624080712150472,2.7223586551847454,16.922608427120505,25.403466122961103,59.27820719672808,4.257479318784299
2017-05-01,24170720.0,30.374079784039477,59.48761654015364,20.68672264524171,22.026791516392112,44.67800787831869,12.301494118492036,9.188954987963282,6.583273066017855,19.801895758989843,35.98857515251157,70.59019048691106,3.883488672565343
2017-05-16,38575096.0,47.593210369572354,74.51005265677358,33.94216074138305,42.72255661695422,61.232194088984016,34.05195199029591,29.234233221343352,20.648701418956023,40.75398366730717,56.71342426340155,82.9057696396633,14.330368977304436
2017-06-01,45200832.0,54.904947650624415,81.37495725911236,40.571465830262305,49.28010771030315,65.54569310988661,43.24643278960641,39.179790217190025,28.66680077142164,53.39121603074389,65.28602409899192,87.69181894362939,19.51511341968189
2017-06-16,53624488.0,62.418497811294586,85.92314048644829,38.42847997507045,54.84634223608539,72.56053895896899,58.67506065055703,51.74177931800746,39.79099773937699,66.00929179247872,77.29340630813827,90.94991432466574,38.79417902985769
2017-07-01,64119336.0,72.86524756827708,91.54266680343753,54.00045388033818,69.90170419469084,82.86737214809418,73.81312446132729,63.190285971270605,47.036336002656554,78.50126955805655,86.46895686410245,93.35611546783736,51.671524741884475
2017-07-16,74558304.0,82.13425091789414,92.58062071166428,64.03841724474312,82.98091106995484,89.00632997859647,85.86613783637118,80.4604177138171,62.035537760067434,88.4535684875103,91.7995067710812,94.62405413180244,71.58176564970701
2017-08-01,79554584.0,85.37133074527432,95.08597187079717,63.56421390635162,87.60891249959386,92.72511840247736,91.74956906183164,88.62883918414856,64.10651749109161,92.77582349711776,94.45200752823088,95.73765212062088,86.51771928192726
2017-08-16,83513968.0,87.33842896149488,95.55605894823223,61.52219949057013,89.42945218832244,94.46327246231614,94.8102914418872,92.42867252189096,69.93264748330077,94.26135739774912,96.6329122139056,97.11860092804524,91.2515056738908
2017-09-01,84204584.0,89.10054423537716,97.24920786888237,66.34310643832647,92.92669038567762,96.57479848809145,96.0616081974016,95.3025052247295,67.96276357970292,96.0733049684326,97.28925280145371,97.972183657899,92.25544716770531
2017-09-16,85679656.0,90.67850486963737,97.96673049305888,69.30149848254932,94.02128212626312,97.37929778223052,96.17973313754908,95.78446337398482,73.8942807514975,97.24818144386496,97.6860749361831,98.3884594699386,92.76639382383034
2017-10-01,81708896.0,89.43936326318331,98.0529075201167,65.46618252763928,92.2353218312376,97.62974179152056,95.0203019759313,95.02179836512262,71.48006947903495,97.26487098545157,97.43464716826028,98.49676059685063,88.36679146125942
2017-10-16,71862760.0,83.58662877451071,98.11273336524653,69.9247710275309,89.16628488806576,94.65026299011797,79.03350145242123,78.96350625644824,58.1276549548514,84.36901592094428,89.46897849694977,98.41552537115555,62.58031229653056
2017-11-01,63530584.0,75.63035954207453,95.93062299117828,66.30995285063949,79.98189394677844,81.77126121408078,68.69230216745937,63.37878627549536,47.6581637866074,77.57302360691737,79.944419807035,97.2957800207622,45.54018812203516
2017-11-16,49432012.0,58.43192723715413,86.39002484670269,54.54564207132018,62.008415375117785,62.14476979826039,44.39264851406135,40.98381656569932,28.884663524783836,50.99258509470217,61.25564076493748,85.98914987555189,28.800114524230302
2017-12-01,37001732.0,43.37150101231495,70.1435922861246,40.87945751138088,44.47452237060142,46.65868778177513,32.46672798225173,30.346412793312343,18.33393201527517,37.0709202580291,45.78843616146757,65.64551048741136,20.691278718258765
2017-12-16,27390578.0,32.38989604423228,49.39753584535777,26.24996612833297,30.39977093283946,37.46384170499567,25.319391020525423,24.022696158831774,12.44969714676169,29.607154131210542,38.42266527495349,51.94426413017648,15.402365186959353
2018-01-01,22021910.0,26.21950517302227,41.02066949326404,19.80781216128333,22.712943106865517,31.315303520196732,19.904862418999585,19.20847993439327,8.727779321046784,23.81341614054351,32.56623707437373,45.36294135304492,11.598978438052274
2018-01-16,18181022.0,21.777971779011956,35.168746723198616,15.828109757749838,17.825462195795563,26.494842661323375,15.708321695342676,15.5509311922965,6.502724401956653,19.296304556684053,27.54813038117077,39.99528160294173,8.79432581852851
2018-02-01,15406920.0,18.569896168062854,30.398037338439444,12.870431558909605,14.528720716769016,22.76794679857917,12.86716131452102,13.12149066823629,5.165204286243407,16.22262901454845,23.699876692770303,35.962396658036596,7.03213000534834
2018-02-16,14691936.0,17.96810588752469,29.799399917937496,12.853787021732062,12.6171065243526,21.88815662143085,11.834031945286814,12.04938609428322,4.5071658237224925,15.201207795772715,24.275421299701467,36.27007742048453,6.33604795484141
2018-03-01,17026402.0,21.69526998161116,36.76976338644601,17.389820547908087,11.533200523117912,31.396568605127737,11.434668975644014,11.94879930425121,4.042473290802969,15.893976461707384,27.923211504348203,51.3185590284292,5.9309159467723935
2018-03-16,18271328.0,23.31567973698386,42.29674998290365,19.90993354378929,12.426164424732756,34.34458251741883,11.480866145816709,11.709729074627656,3.5843307374484334,18.825609044743345,29.67808430320599,53.43940815228947,5.51299370407404
2018-04-01,19893130.0,25.369603308752964,50.18777496637717,25.642074707348797,16.550027211879,37.50898834190993,10.861678823379194,10.834820838073068,3.2476461821653446,18.97062860279989,29.29696220741574,53.86786612134629,5.066947260719933
2018-04-16,24483052.0,30.907761700441455,61.71288951195605,39.23782313570344,24.100663644929657,44.50332153103511,9.30761802917611,11.218271342027988,3.6902395685658456,22.248387318144385,28.255483926794444,64.42121621452604,4.532220839921868
2018-05-01,27253152.0,33.74027156045099,59.81268093642436,29.84744539887275,25.65024409461611,45.630439113803,15.627911825262553,10.509388805851698,7.46706610725826,25.576870024704913,39.659964089473455,73.69465185796656,4.100487745326016
2018-05-16,41191104.0,50.59641448570066,77.12258656454443,46.38654007695643,49.16593966273516,59.518449155243864,37.430279790595975,20.48400670617179,21.57751414485868,36.73425748009882,61.32969000129797,84.780621114905,7.371041792623941
2018-06-01,51208428.0,62.44438459299986,84.15106339328455,55.78939952308693,66.00514994963771,71.77350972266497,43.453414785967375,49.97653170551044,34.521664303868604,53.29820889376887,67.42492861160386,90.27053393868898,26.04191179890243
2018-06-16,59442624.0,69.06847830797902,84.06129613166473,55.032770837849554,70.3544611235663,77.58977526299012,62.416868835190094,60.17034602259199,42.54874388546177,66.10332143837496,79.30452559165838,92.76125348642329,46.316313598735
2018-07-01,67806888.0,77.33390914550712,89.62521370443821,56.6819348851073,80.8609594827306,87.67671569743614,78.01345484725636,67.7086254331896,51.2664789200097,82.49107191874829,89.5863907757539,94.97238377546807,56.26696935168822
2018-07-16,70540928.0,77.11669793388685,85.38455971186943,48.681172772599176,78.72606166942847,88.09994193724668,84.44447281897405,74.51198380995211,47.064038213469225,88.16478863573977,93.17709730454722,95.90384976173502,69.15772951353362
2018-08-01,77828856.0,81.59307415593985,86.27097722765507,44.49611153262519,80.4847775936576,91.26960471788333,90.91516902352603,87.61719928044232,66.25870084422137,93.38324869612956,95.44531216198676,96.5633684789814,85.8618558738722
2018-08-16,81887480.0,85.07596386623821,90.24456335909184,50.96994905701279,85.70017383110765,93.03500842479166,94.70843042742682,90.80053437739744,71.02499457195039,94.94611583859457,96.89708172889716,97.10641251735396,90.45633545716676
2018-09-01,85300728.0,88.17182111435135,93.85216211903622,53.430962768263605,90.56441498521625,95.86886925634136,96.82481565422798,94.2226065448004,77.6754281773248,96.79858632994784,97.78608358932205,97.85811664352808,93.00310436238487
2018-09-16,82865824.0,86.19141730284625,92.51926759214936,46.08620677975287,85.87325762744906,95.86504394553486,96.9541848884349,95.149142879818,75.58338761382939,97.00457727147956,97.74567343053693,98.00116318337022,93.08663147614176
2018-10-01,78897704.0,84.22439957649944,89.89599717340263,41.6756279807067,83.1052246807681,94.84169930324695,95.52173843649248,93.69036533425042,72.71175779404064,95.74436590721932,97.45287284212348,98.10148462221557,87.22431052925309
2018-10-16,72743720.0,81.28700212369436,91.52858510565548,50.079523899848255,82.5823910712545,89.63064119495424,85.04366840105979,81.4123369752123,66.19888373756338,88.443013999451,91.8922143382512,97.77047140194864,67.48637336061762
2018-11-01,58961356.0,67.44422361325235,81.89915430030318,36.45757573704748,65.54433099392404,76.92771187212533,67.9634500590545,61.81640697336049,47.17729287201298,73.20848888278891,80.2605568294899,94.16881167686016,43.9879051948656
2018-11-16,40290812.0,45.5229643801351,61.61992523194055,23.92152104107956,40.05572342983397,50.52542237806822,44.34939509049701,39.14287320441258,24.96718265067627,46.672241284655506,57.85185285337256,73.49330231511013,29.11153032276067
2018-12-01,30676614.0,34.89296394672809,46.920704255852655,18.004154359960978,28.74057534847451,40.712156746664235,34.08661857183899,30.493323589323033,16.237462801895347,36.359648641229754,45.97806970103405,59.26818255725239,21.672473781508696
2018-12-16,24075618.0,27.700689117149917,36.05507590781645,13.014482678029482,21.49550191701595,34.1609448289995,27.042618986816485,24.315305812015556,11.138979622463186,29.311995608015373,39.119810820750224,48.51018098132653,16.431265114873035
2019-01-01,20199486.0,23.532716037916924,29.980567143085093,9.69978948758942,17.149368846866167,29.474438157475294,22.99720289207393,20.66585044046454,8.507034911937877,25.123672110897612,34.87085460563319,43.2568508999037,13.731622349083809
2019-01-16,17648580.0,20.81125588969172,26.772800838861155,8.08916038911771,14.434608230171882,26.424720501844345,19.94861461359211,18.00230979339171,6.827111830593765,22.193770587427945,31.455322762081945,39.826429277200354,11.658756307552784
2019-02-01,15469482.0,18.44448520534205,23.897034352276098,6.8490217015770645,12.232886977288237,23.701856300377976,17.302005857566954,15.563969868521998,5.517926532945068,19.54057095800165,28.333454116730845,36.68089690192989,9.723318615710166
2019-02-16,14019096.0,16.8746881017392,21.89556549043744,5.975612399739866,10.817005190564382,21.993617366455663,15.577129951798767,14.121051691754186,4.767267982809048,17.912887729892944,26.3592485830485,34.17152577139069,8.601537066319413
2019-03-01,12800641.0,15.507632607067013,19.843827645945883,5.282493936971602,9.65913872372226,20.309909945808094,14.258149918600568,12.904055944287188,4.2109475778126875,16.5512129426297,24.506127504002077,32.00254837216865,7.799612390707841
2019-03-16,11897201.0,14.49134579068918,18.34132302993002,4.751679187892911,8.723292759203302,18.97152648116945,13.32579524052734,11.96147340678818,3.759847120579333,15.492061830908591,23.12148195820534,30.620286293197253,7.175175565063715
2019-04-01,12092310.0,14.994427624124672,19.965536597597392,4.833989879145892,8.060104745426779,18.411210949952185,13.399222316212851,11.217471098648184,3.398631971850773,16.51815124897063,24.462542724873447,33.78339774617588,6.725880877360246
2019-04-16,13271999.0,16.613063506510393,27.80267386993093,7.579078487426837,7.619936356694935,19.081555398697574,12.818554082740128,10.337459657151928,3.006604858742991,18.23826516607192,25.816461515164622,39.17150075669456,6.211630022788578
2019-05-01,18805530.0,24.10416008816737,39.49029496911258,10.251856167353132,12.78463320823992,27.22670374333986,22.170140773134996,11.477787459326471,3.5850611294174746,21.95276557782048,36.82729145935188,59.56576363613623,7.237482269091247
2019-05-16,31068158.0,40.06591501507637,62.402385511408966,21.978498265770646,27.012149900900024,46.69857746254383,41.24502027005459,27.528633501759213,10.704613522868051,44.54947845182542,55.204181629386056,78.93276049679187,17.229872511859362
2019-06-01,51314592.0,62.17632854728161,78.32831270373157,44.400258102102754,55.3198654839653,71.24411972312036,65.3211726306381,60.053437739742336,31.041687420973982,69.11559840790557,75.15660558992775,89.65868697859993,48.01325167426286
2019-06-16,62111460.0,73.06678182910143,85.90102920057444,54.270837849555605,70.81708743542255,87.31948176146454,76.18921377725285,75.44308351630909,43.16198257915374,81.20873593192424,82.4808332972786,92.93691919002414,64.69460980373918
2019-07-01,72215880.0,80.83700800564668,90.86679090018008,59.07151663776284,79.94512947980635,91.68215765745252,86.91759504580713,81.3474643527949,59.9934288670064,87.83032528136151,90.63561631982002,94.67313921929131,79.3015649707004
2019-07-16,78519160.0,84.66939093931683,90.14033258109372,59.2189938760026,83.65423043181596,93.50535657361446,92.71736840425191,87.64368667495569,71.21533392083988,94.05185286851496,93.7141651884221,95.66574112290972,87.55388452237001
2019-08-01,83287680.0,87.87265263666252,92.48979347603093,62.16137817038803,88.80127205380641,95.29687144223324,94.80616560794203,89.45341393084838,77.93908451153939,95.95017156189954,95.89871500886947,96.80711167811089,90.0737315133476
2019-08-16,86827688.0,89.9251815665806,94.74891153206136,62.39267423585519,91.85645124606036,96.73113529760008,96.60609857311584,94.43277294251476,81.41357267839125,97.50648503980236,97.20007138839614,97.44046502320111,93.78936261743094
2019-09-01,87993944.0,91.70076341549492,96.29680412136132,67.58519401690873,93.95205023231634,97.89219682134888,98.18758578861684,95.98818814317082,83.08774921133632,98.82762832830085,97.77613247955696,97.90248020712168,95.55300669705144
2019-09-16,87204912.0,90.85529778157525,96.27117098634572,61.853146000433554,93.67934658998604,98.34327610546929,98.02015034953874,96.53919208486548,81.10284557518168,99.32136288772988,97.82548782070695,98.12694958287994,94.62662775555762
2019-10-01,88242848.0,92.57552736346132,97.41813125441656,68.54556416648602,96.11379439191604,98.69901862562048,98.74551505091456,96.82664479775669,83.14251503889038,99.23866318967885,98.39177086488124,98.30502920465774,94.80064063808018
2019-10-16,88221880.0,92.16725795766231,97.91425608060362,69.52916350531108,96.88992591870552,98.59450566965708,97.99829220799948,95.4705166529986,78.71052530748304,98.42396376612682,98.395664777398,98.45486098082624,93.73651869593526
2019-11-01,73892000.0,82.07834141327835,97.68148350771617,64.72566659440712,90.26665204535854,92.83343959196684,77.6430634915568,72.68481653924499,57.547785994354825,80.23776420532528,88.1469032579068,97.98447838104886,62.07781252906706
2019-11-16,60246172.0,68.83282253221142,95.0364095374866,64.74341534792977,79.76355720180655,76.23595109066898,53.733017844032304,49.01517816988969,38.23498984635427,57.10807713423003,68.04898758274564,92.73591359923957,40.3740989210306
2019-12-01,49974348.0,57.84127396895568,92.08645626752376,62.94413884673748,68.12874874094291,59.36847647889248,40.46966674114981,35.770151583291444,24.623247059274306,42.66642533626133,54.41848202310389,82.0051342663815,30.100208701516134
2019-12-16,39412336.0,45.44557027075555,76.13911873988465,52.786489946889226,51.04708467361991,45.019974725625026,32.426860216426725,28.27576982090421,17.009720998250252,34.22081388965139,44.88990503180028,63.30378472352507,22.723858536415214
2020-01-01,29770180.0,34.24662716471324,53.337766988078144,32.494817634944724,35.257911752282546,37.501724805319,26.17956156031538,23.04534436919658,12.304033040857249,28.31694173757892,38.85281821918401,51.68366415268971,17.51051355687843
2020-01-16,23715720.0,27.587099330695743,43.719716656408856,23.524258887925427,26.23053538356565,31.425935834965163,20.82977742841638,18.613216250892833,9.15571238361623,23.082155846829536,32.94304612123047,45.26021850337073,13.322802820667844
2020-02-01,19838940.0,23.220717164775156,36.95586575942009,18.973710505636245,20.912142184098514,26.69236702491006,17.412365930347622,15.778640115340863,7.422454723680345,19.555750754872356,28.61249621425172,39.694886370742815,10.792222816482187
2020-02-16,17454376.0,20.535630700076155,32.627743964986664,15.41894340721873,17.798591480651137,24.029714467871944,15.481406813611262,14.132645300388878,6.4843576382236865,17.596929041998354,26.064730887379397,36.209107225494975,9.366872849037298
2020-03-01,16954034.0,20.093334200147357,32.242793886343435,16.450535511055712,17.860057835396564,25.40307789516827,14.340522951447634,13.336016242956536,6.251155456147745,16.480791929728245,24.3710060355644,34.64692694457994,8.590401474281462
2020-03-16,17204630.0,20.56501105187882,35.3498199183934,21.54049019076523,17.994332212366377,25.48817967575937,13.201992290994989,12.439770938599509,5.7346098828818475,15.320458756519352,22.723391597802102,35.69834777932035,7.970560878057855
2020-04-01,17712618.0,21.398432614496844,33.96804406300577,15.8984375,15.589145303310914,31.61779054146364,11.940507589299964,11.793469418798445,5.078923442149763,17.094377916552293,22.8227566737334,49.388378172176154,7.368185226955632
2020-04-16,18284928.0,22.55604107460173,45.83973306890971,19.158243347604596,14.134204316535074,33.291529099685775,10.595051792383568,10.79481280257136,4.485107986257455,16.287649258852593,21.51668298143902,54.15751128788163,6.753804151939354
2020-05-01,26250468.0,32.59906136424144,59.20155462855319,25.968673788749182,25.838861000097474,45.75099617468919,16.504979729945415,14.23806744530568,9.255819986717244,25.670326653856712,35.227718167265174,68.82640426250423,6.530584364245186
2020-05-16,38027280.0,48.07456458074063,77.84836102942853,39.57001951008021,48.120601423140656,61.914630675349514,30.026367031634052,30.230265072352584,23.34686993115956,41.88596280538018,46.40797927573227,81.7159643790727,9.803796594502836
2020-06-01,45003860.0,56.635287998959825,79.89049214707424,42.10880256882723,56.306486987035775,72.69285941982785,43.41575956842341,46.45957117536573,26.94971390985606,58.76447982432062,62.23758815385281,85.83130088927244,19.805839282392338
2020-06-16,59950436.0,71.45632186043056,89.58488340285851,53.983243686321266,73.1193017513078,87.51945671478664,63.94411769400198,69.4239967196635,42.22712236739594,75.41259264342575,79.00565698957297,91.51751654096782,49.96417775090689
2020-07-01,68594656.0,78.30944641541443,92.90474480840685,58.76140797745502,78.40384053026611,93.04289812833008,81.13374245858205,76.13316446654851,50.498422672643905,84.03656327202854,88.77044304071302,94.55138643953325,66.39734094502838
2020-07-16,78661800.0,85.70437307675638,94.97298206022477,65.22239459137221,89.61514280144263,94.9263798442552,91.80091454655728,85.47494775270495,62.99579166507018,92.0041929728246,94.37606541773027,96.38693982714844,81.335776904474
2020-08-01,83918048.0,88.4545077425067,96.46391529325948,66.51505256882723,92.4944276570166,96.80328111480486,94.34270756855108,91.30419168805058,68.87900558131219,94.90166071918748,96.06422792367933,97.29175265468464,90.77500930146032
2020-08-16,87665424.0,91.2492771390184,97.1360186008343,68.56812947106005,94.71759755661697,97.93252197276745,96.90655026015897,94.40637813814448,79.15945693960177,97.34739225912708,97.63241465841736,97.9362563005766,93.11799483768952
2020-09-01,87748920.0,91.9002978125329,97.79751077070368,68.94606275742467,96.03613899990252,98.66545607723484,97.65124333641906,93.88354144070264,80.08939039809954,97.70114603348888,98.45920044996322,98.25383662901956,91.4423135057204
2020-09-16,87111752.0,91.72887295602158,98.10807175910097,69.73789426620421,96.49489878805602,98.98090760052824,97.58397708047372,95.29682415809106,75.94147285336602,98.20719187482844,98.56389261454592,98.35959251059998,90.1022288624314
2020-10-01,86397560.0,91.67528527468716,98.37154938567096,70.92408004552352,96.97175650648212,99.00976820438088,97.3253662974431,95.86617417528636,73.04790094128766,98.03230853692013,98.53267641586986,98.43480544820082,92.39721304994885
2020-10-16,79465680.0,88.41740191070578,98.28815336570244,69.03145323000217,94.99368846866166,97.51745298055468,88.48317745076132,89.65389804502526,66.22277992771114,90.57304419434531,95.2658460606585,98.46362237814716,87.4511324527951
2020-11-01,66196400.0,76.91573329370755,94.82465978253435,61.59768588770865,85.91511518341619,87.44670180791475,63.72336961726307,68.9655630803418,50.779672273522614,75.2381622289322,79.96673949725263,96.41244230985704,56.09275881313366
2020-11-16,49421804.0,57.511568871470054,86.45172559210377,55.19805441144592,64.28745085615881,60.13580991848445,42.82831902192997,42.89295587418322,27.738786288108106,48.90917513038704,58.08816466923376,79.97452253198755,35.532371988652216
2020-12-01,38605188.0,44.81502498281851,69.12860448152453,45.91147639822241,46.18001673327485,49.05213693701899,34.34050898585885,33.32478638131266,18.590057728904046,39.02201482294812,49.03383377320123,61.59468062486711,26.35026974234955
2020-12-16,30503428.0,35.66234497959891,51.3350600651941,29.191418951875136,33.00373655651948,42.95188760872535,28.819560602675008,27.31307372820825,13.664030869637406,33.270316360142736,44.09740189503742,54.79347241504384,20.753752557901592
2021-01-01,25882918.0,30.506042932060357,44.14749025507762,21.95897294331238,26.09043685219482,38.00363746072225,24.553117119417756,23.358836406444276,10.716638249230494,29.257651660719187,39.5972099035175,50.69149375257964,17.173883534089853
2021-01-16,22365936.0,26.661413154521984,39.36989958740797,18.07958994959896,21.701404457874386,34.11386561318822,20.71944927698152,19.76928520409513,8.520783842292808,25.341941737578917,35.3932446026046,46.88848135779771,13.828130813412706
2021-02-01,19756122.0,23.748583687798355,35.826135767854296,15.557441266529374,18.699521964453975,31.042755817660183,18.000656382673093,17.2644837438163,7.125771102341086,22.531958550645072,31.8632993337083,43.009224169199406,11.554758714305644
2021-02-16,17707862.0,21.455227507723933,32.435535343864686,13.726825852211142,16.607324463073073,28.45431258254019,15.929146582819932,15.44003300177244,6.199018241439647,20.35496671699149,29.06170499286116,39.54714019486448,9.851874244256347
2021-03-01,16147643.0,19.68693618391317,29.42430588798468,11.986614763982224,14.926910720668031,26.397946172412222,14.692646319468828,14.19381597047697,5.550042227032964,18.898454227285203,27.26154923636049,36.69865108251098,8.824995203934519
2021-03-16,15645871.0,19.217530075350904,28.73454774442089,11.064970091318015,13.980322156155571,24.908383236941575,13.767298376799566,13.303202130896008,5.670384082404179,17.97087565193522,25.81002844719422,39.190364964416595,8.25594639452144
2021-04-01,14402372.0,17.630416813715474,28.218044063005767,11.1245469664535,12.144421970952337,23.46904742930006,12.55559601142784,12.326098350572735,4.861811435942629,16.475689678836122,22.883144767014233,35.970041774542544,7.6913237722072365
2021-04-16,15860874.0,19.908326677439927,37.244238528345754,14.20138484310644,12.214057981609644,28.07348069128831,11.61190526542599,11.579186066506177,4.332768177580239,16.464695992314027,23.49309371349457,44.755984766050055,6.96016794949307
2021-05-01,31909362.0,39.62682727492245,63.48397501652648,34.48795862237156,29.53229075283491,54.87044036613689,27.248739106840745,26.963289661649164,18.62347376016961,36.838083310458416,42.021327283347034,71.89633284554675,15.077886650079062
2021-05-16,40197080.0,49.35983926791364,75.19981649912239,35.947339719271625,41.423786431426066,64.26057652898584,45.239446005043575,38.8179810057935,25.04295662669068,48.89810595662915,53.816623761519494,80.7960426750716,23.804868442470468
2021-06-01,43482424.0,52.36024790881117,72.62973284095831,23.950432202471276,33.67643451278552,73.18076301288765,62.33328279120248,45.6636795322875,22.84528941083311,63.02822536371123,70.5866882274045,89.82630420371969,34.806236047809506
2021-06-16,54633392.0,61.56264279213181,73.81938840639175,24.954574707348797,42.267180037040646,74.49309508629719,79.96917994062629,59.552968175445095,36.84569012861285,80.65104309634916,87.67787067883874,91.61394194089029,54.82210957120268
2021-07-01,66474564.0,72.97128988118456,83.1182041988648,36.58680630825927,60.09966858368262,87.12011020538276,88.64244900565008,68.69173434565224,56.99877389938312,88.71968158111447,93.79106996062822,94.50809850787336,66.78964166124082
2021-07-16,74886272.0,80.29734816823623,88.20268868677198,46.40686985150661,74.45780128017675,91.5719010428526,93.39929613432504,81.2187508266977,63.936779186942026,94.03446335437826,96.09028468827069,96.07646992608156,82.41925751092921
2021-08-01,78321096.0,81.91865569527772,87.86916729353302,42.0994506015608,77.92136985411183,93.21004485632317,95.73517253487408,84.13172270574853,69.91509891822164,94.84160032939884,97.17417687015966,96.7968056233037,87.07783578271788
2021-08-16,82648552.0,85.20873500876101,90.5656557022043,45.94175089421201,81.44620170906846,94.99990892117128,97.71760781434546,91.1347781804714,78.40510492100591,96.35516744441396,98.1109548738805,97.57293034657862,90.05936075713888
2021-09-01,84686984.0,87.9634018735566,94.53981171214298,53.68756435616735,87.17191409169185,96.49267953914112,98.85260318575033,91.48932567921484,79.2290828511948,96.91515920944276,98.74994591788172,98.11967655997898,93.63549320993395
2021-09-16,84319768.0,88.7294425766666,96.0238323189496,58.32180793409928,89.93954089092504,97.35356801311536,98.89826667092284,93.06733287479167,74.32823735264442,98.13252813615152,98.74727426123826,98.28484859855163,91.93968584317736
2021-10-01,81465280.0,89.0136337463083,95.66381727415715,60.087483741599826,92.178079409949,98.02917937975316,94.98158138347112,93.44668791830904,75.71857159278133,97.57870573702992,96.93504737593562,98.39942216051932,86.83605013487117
2021-10-16,75465128.0,83.72477416398883,93.43976954113384,46.95668829937134,84.22992819313123,96.66060612960516,92.48590672582756,88.76176556175763,63.80877300535142,94.89652758715344,96.21526846363518,98.44230360336698,88.02556738908008
2021-11-01,62791000.0,72.38044467559484,87.98385534204108,37.467229162150446,68.17151606719304,84.00872649027734,75.99928975005587,75.2204637443454,49.18149162803172,77.75013724951963,87.01625167654566,97.14925643815742,71.70430076271975
2021-11-16,45923996.0,53.51267715511637,74.22326699947571,28.310425360394536,46.24082106768041,60.75067739878865,51.24875107734542,46.13943414195391,27.42038009119123,52.595333516332694,68.48418638861247,87.31073255537629,42.55432052832295
2021-12-01,35177676.0,41.39297323402121,60.62866716815975,19.665474948515065,32.1563444292816,47.770077189307344,38.344471222906755,33.71964696701146,18.162667471295197,39.67980716442492,53.63006208627179,77.48131402198791,30.040129987908102
2021-12-16,26907590.0,31.417231643665136,43.557720144065286,14.244409481357035,23.393357864639174,38.37687850084248,30.781171194177546,26.49337484458083,12.66948127003589,32.39417718912984,44.393812464846626,55.998899353370106,22.449878209003813
2022-01-01,22134734.0,26.191014853477473,36.23704666165174,10.88288955804249,18.37189703349904,33.266101029190764,25.039450793245443,21.575181542816328,9.478233521079993,27.201967814987647,38.39398282351923,48.76966780483534,17.15220677146312
2022-01-16,19304898.0,23.03609661261462,36.12248113702159,10.953501822295689,15.122247335672744,28.63668655221094,20.586199604175313,17.844835454088518,7.316613344061714,22.92880524293165,33.05407400597067,44.79889747726789,13.504871639847456
2022-02-01,15806051.0,19.06693197367362,28.239403109257108,8.340635500216779,12.270977515677291,24.86062092991484,16.746131531905384,14.666943334832412,5.6589356871910805,19.29017808125171,28.317321420845413,37.83793291058497,10.368171420100456
2022-02-16,14060594.0,17.064879481892874,24.93404796097472,7.207063428083677,10.885423774247002,22.61851490277335,14.990342795352252,13.264882212110791,4.869269017331443,17.4876475432336,25.75372625795007,33.83737007992195,8.986055076271974
2022-03-01,13102299.0,16.039288345685435,22.814015876815063,6.521447116166269,9.78269385417682,21.477190445830868,13.70672263542631,12.138713261553928,4.329713303191693,16.055841682679112,23.809038744429543,34.17197916275812,8.077467357687658
2022-03-16,11709949.0,14.358851719077958,20.01738556839682,5.697197034874268,8.719856751795172,19.256345632770163,12.554899727072494,11.146208929657943,3.8653975407742314,14.831344359044744,21.908291599965388,29.86058059109727,7.287912897637429
2022-04-01,11779569.0,14.485239395459132,22.09210518817388,6.5077832856871884,8.717580295350425,19.188864759324193,11.617179270278037,10.311747705087168,3.506233476378405,14.342861309360416,21.513785531951715,30.906094830713045,6.690759871174774
2022-04-16,17596604.0,22.514735838425867,46.440872256035014,18.74497344461305,13.47516002209442,29.52425827678856,12.573167714750854,9.907705814660988,3.44591427513187,18.162537743617897,28.635267490157055,48.67851112528611,6.080966305459957
2022-05-01,23882068.0,29.505659057277832,49.67603546923796,17.72826963201821,19.32121795496637,35.59858144724259,27.49672407188687,9.997647218327558,6.221984478971097,25.52641195443316,46.510470298100635,59.70623366227659,6.485810186261743
2022-05-16,28701638.0,36.181978317266314,57.86724110419659,20.77961061131585,23.88278178509926,45.18958912063391,33.617777795511856,16.49214306499828,9.877860103196802,38.11146376612682,52.89638406957123,72.38541393068428,7.116295141149661
2022-06-01,37874700.0,44.640631288271386,59.96331692083248,26.82600463364405,29.706603145205836,48.38645316271233,55.691292654898334,21.997581082511044,15.504573930035631,45.82664013175954,72.55081015013197,78.32066964341551,25.566174076830062
2022-06-16,51111380.0,58.4409359114859,71.47423009414393,32.860228566009106,45.640742275075546,63.29127578669338,68.87602547323395,37.05697931271659,43.11601019196138,56.50914768048312,83.75236879678103,87.34827961427338,38.323417589061485
2022-07-01,61220648.0,67.37812904384222,72.33594907565707,32.52599311727726,58.06736767716151,77.60016394189171,83.85368851150764,53.263660352900715,53.44420922896152,74.96222206972276,91.01981568814088,90.19161257238628,56.90097432796949
2022-07-16,70690216.0,75.13165047581899,80.28023205452598,38.51565887166703,68.40051824414336,84.5841169907555,91.5351853034124,70.93848707706145,61.29827451881937,86.57912434806478,94.94689135984078,92.72910334821708,73.38690586922147
2022-08-01,80705640.0,83.39562011256199,87.33404568146071,46.59854622805116,81.93766448971634,90.99002686825447,93.78872059246018,87.6856300097881,74.9230366425278,92.74962256382102,97.223110370787,95.0663014521031,86.57463259231699
2022-08-16,83423904.0,85.54612998495459,88.89657275068956,47.56224596249729,84.31169379731618,91.617098911608,96.887740607144,89.31320599984127,80.41262117322503,95.21688169091408,98.3099338034872,96.43246032043824,91.27993326202214
2022-09-01,85925112.0,88.28538613469051,92.38078711618682,54.45801606871884,88.83799590603373,94.88836581811556,97.90785903533693,92.05261104203592,81.83439339949167,96.62657150699972,98.71139618396572,97.42239815891836,92.2067540228816
2022-09-16,85253432.0,88.33487502399217,93.10270920239805,51.97635418924778,89.7215209409624,96.17874220137529,98.16172949851564,92.23691833549375,81.35857695697153,96.51685424101017,98.79513693592352,97.87566445286606,92.58996837503489
2022-10-01,82777512.0,87.1805449783606,92.94556520549818,50.415852617602425,89.06756668941092,96.26429937611002,93.80668432981136,90.84941535938202,78.46483901043463,93.57620093329672,98.4808332972786,97.9549297712406,91.93963352246304
2022-10-16,76976888.0,85.4604206524633,94.41667236545167,51.88318678192066,88.03048542742957,95.80825629582404,85.06143262999969,89.81796777863019,74.71496992221924,93.3082349711776,93.6399645221304,98.06826510574965,83.78663612687193
2022-11-01,61410416.0,71.28817232262818,92.36186714992364,53.12509822783438,72.57767976086038,83.99636253927774,60.638131643630096,60.26682495172086,48.958740437053784,67.49543645347241,77.91090511833167,95.95397295911349,50.04118802902055
2022-11-16,47288812.0,54.85592931750779,81.72493104470126,51.32779305766313,53.37880154011112,61.54357552711872,42.59468669199094,39.12999325414672,29.416353755571738,45.97012764205325,59.12637368580452,81.20711543031531,33.27902346293368
2022-12-01,37375848.0,43.61267034443475,70.2314960450432,40.89623753522653,42.10843324560548,45.338656701124826,33.135765473872375,29.582157218063013,19.911388686667433,35.53946266813066,47.56190780080474,68.49470313809363,24.536546018974978
2022-12-16,28107786.0,32.69886261616856,50.13315211196973,27.77420130609148,27.6347231698996,37.12276287626941,26.764745666677307,23.29863793285892,13.990531246407908,29.026417101290143,41.21568760005192,51.94353557715158,18.45482251651009
2023-01-01,22285670.0,26.14915083183189,38.10675533976156,17.953013223498807,20.303209377132273,31.904640466323603,21.93449340824209,19.12800752625592,10.3965397780247,24.35201585231952,36.00267436074936,44.506062936975475,14.385594944656312
2023-01-16,19159916.0,22.666894205348243,32.94873372996877,13.8804186199328,16.368142200344412,28.54908579625666,19.197680914227345,16.685033134044073,8.457407371929959,21.62392259127093,32.43890072686367,40.41399947469138,12.14517181541252
2023-02-01,16846452.0,20.087577626291708,28.968645284825275,11.377451461901147,13.810815503460375,25.67077565007514,17.069652376544195,14.61100896801672,7.114437654060819,19.39333653582213,29.701783087439967,36.958262979500454,10.298750552274209
2023-02-16,15087840.0,18.12197002061779,26.195568054890696,9.8179499512248,12.082837833447057,23.4040271073364,15.11100049478086,13.029112159731223,6.173171944646666,17.535062105407633,27.105030177822005,34.28117769189399,8.831731495907357
2023-03-01,14206011.0,17.210648191144877,25.23667054184048,9.467597516529374,10.95990410858758,22.30243721253245,14.10641579148977,12.175886550620351,5.610192200850607,16.430325281361515,25.451939925583005,33.88729628656836,8.087403933355036
2023-03-16,16733385.0,20.829076657317454,32.12750461601586,25.222123618035987,11.402398706826526,22.978913828043172,12.689035217224758,11.276279893389065,4.9450988703270875,18.032203884161405,26.388098689049453,43.83508748889973,7.254991541484513
2023-04-01,16366518.0,20.292308263833423,31.065433449588543,22.79428212388901,11.201880665756896,22.543481602076596,11.237519751332716,9.973301797571493,4.371870889050666,17.726170052154817,25.28698676069744,46.105277475516864,6.428895422518836
2023-04-16,20052350.0,24.952608491062527,38.86392441131551,23.180939058096683,15.367818297754816,30.300400746846396,11.693199955310115,10.682338926218884,4.756911184336564,24.11555894866868,30.929790594037986,58.56902180030768,5.84476080713422
2023-05-01,27752978.0,33.83337667403459,57.916615377601495,33.36043518317798,27.083944585242225,40.78601883054784,16.594337552271202,13.690705107007751,7.10688148971225,30.85633406533077,37.2057824600874,71.36819131239604,5.419673896614269
2023-05-16,28318794.0,34.35969067122363,61.30186464245823,22.347320073704747,17.509660217045194,48.776725943804365,20.20903094774476,11.30781427740007,6.439403409453747,34.39570065879769,46.7142030459049,82.2389091091016,4.825505694237745
2023-06-01,39451996.0,46.487781018011155,67.95359479359,19.427975287231735,31.10955015108685,63.16234801220456,42.720361030421046,34.70684968651623,17.15393629385545,54.94910101564645,64.86181477956129,87.98900604104912,25.66305459957213
2023-06-16,56382920.0,63.521766319321905,81.18195650687274,40.83915361478431,55.056893134483545,78.63074365863655,60.391906342771414,57.25124996693209,32.83109506111345,71.52959099643151,80.59506013931554,92.71775292984628,48.30278578736862
2023-07-01,63551896.0,70.48337884106965,84.91254074631289,43.363774929546935,63.1756547096858,85.64405824491097,77.46627509815814,62.63207322557604,42.67182650676271,79.537867142465,89.70156946307273,94.66894300401486,55.679651892847176
2023-07-16,64346932.0,69.93207273807975,82.87789213339715,41.421526121829615,60.40136303083472,84.9982638098274,80.53139464359818,61.566221793074256,42.16451460464641,80.68511528959648,91.440628650543,94.870054907258,56.269544693516885
2023-08-01,70435344.0,76.08478679470748,88.33417675351615,45.46908532950358,70.91958280534165,89.50274944214217,89.66706036326491,71.55286897172033,47.9541776824144,88.76891298380455,94.74912386968371,96.10920165597288,71.92449539577714
2023-08-16,75845976.0,79.19344812427636,87.33169208324784,37.19244187621938,73.88885368944342,90.6465002960062,92.52016631021164,84.37878627549536,63.380531821142576,92.67364809223167,96.74291524250422,96.31876852650932,85.12636033857315
2023-09-01,77311464.0,81.40384246274247,89.87464382593632,44.43774726316931,78.35982226987686,93.02686256204746,95.60682478373288,88.47500066135817,58.469934991123544,95.28643974746088,97.8115238177649,96.74674496266556,89.60450190679937
2023-09-16,80987832.0,86.21822662233532,93.2516469488705,57.98474420117061,86.87476849595477,95.4389942620338,96.34775114118813,91.57777572021904,65.39822726285809,96.53815536645622,98.37916973132003,97.30900654134304,90.03171797972281
2023-10-01,78303488.0,84.48788627399992,92.91654129339624,55.71815724582701,84.29514735029404,94.9541759642971,94.49166852874517,90.84436258300045,58.77602590137553,96.29480510568212,98.52449919958464,97.22839668305129,90.0161496604967
2023-10-16,76621936.0,85.71954851372352,94.23077229934576,63.51431416648602,86.22428274360723,94.733696889658,92.1208701758866,89.77726779714823,60.53763873456199,95.96478863573978,97.41026694933588,97.73795229697448,88.88486536136173
2023-11-01,74498688.0,83.52617468779216,94.52883015341128,62.160382343377414,83.01359781655133,92.0830069675304,90.7932933252466,87.76490039946033,55.25919894759697,93.32692149327475,95.63387487561111,97.62928220329444,85.80984908380616
2023-11-16,61892492.0,72.08266310034611,92.78434657730972,58.89646108822892,73.91683724859473,78.35114303930051,69.79074759791872,60.828258511679586,34.411433388252426,72.0273538292616,86.65693008263747,95.54765299613524,53.530229746070134
2023-12-01,48586268.0,57.07016240379912,84.5842793316465,46.1048937784522,57.451631900445136,60.26328612414044,47.50112921760781,38.38800891510807,20.163435380665927,49.78353348888279,71.72737204170814,87.92184158192939,34.26754197283974
2023-12-16,34245132.0,39.81956027762815,58.83677539948483,29.48166187947106,35.93718523572798,43.059887176100915,34.814173875570596,28.59320189942065,12.715753796441756,36.71178630249794,52.99163890451261,65.2217865495979,24.42673646637522
2024-01-01,26458430.0,30.855235866287742,44.499504205703346,21.499241274658573,25.847869350489,35.58432191812013,27.052187410221215,21.9494557022301,8.585149335223571,29.146074663738677,43.6278690563752,52.49318349530349,17.56847182820203
2024-01-16,21482990.0,25.49861774120648,37.577549066539014,15.883605097008454,19.583928339344315,30.533616626440185,21.399174434194144,17.516170207137378,6.2636148255999595,23.862048792204227,37.499440250075715,46.92746050804848,13.006309006138965
2024-02-01,17691554.0,21.156819040189212,31.91280573981627,12.66549781189031,15.054155700685577,25.780417482581175,17.008076100488395,14.095779542869236,4.631375563559268,19.566552292066977,31.625803119456585,41.31050742311107,9.801697952516044
2024-02-16,15477117.0,18.677977041811392,28.21944596412045,10.8293689369716,12.462421207395131,23.038245992531536,14.759246217320522,12.286851703658634,3.8206085482202385,17.294609525116662,28.38449681997145,37.85254774680124,8.1647659229374
2024-03-01,13922959.0,16.88707580288649,24.857943536438032,9.743453453555173,10.752368854989117,20.91007388769981,13.391533262042328,11.133336419671435,3.3112268030703604,15.807361721108975,26.269931964695193,34.73236776606256,7.163550193005302
2024-03-16,12413175.0,15.166929806638556,22.561069604960224,8.11573609906785,9.184741243461026,18.55191350926727,12.014922231621286,10.024181734610195,2.87220355664968,14.253684291792478,23.760794790810365,32.387124310532435,6.367042891358944
2024-04-01,15375141.0,19.3238200494084,44.17225717477034,16.614852048558422,11.43182916626052,23.03860746163304,10.681387062278546,8.999484967328907,2.5325952383233075,14.720710952511666,23.159082550945357,42.59423348717372,5.744130633196912
2024-04-16,17415432.0,21.91468692534874,49.4197896008571,28.069872168328637,13.859036374565422,25.798892253745617,10.267383167874357,8.397770561625354,2.2839632265604046,14.611798311830908,22.901256868429023,46.06288694608082,5.291625124988373
2024-05-01,17963424.0,21.97511005442354,47.04088308372655,26.628493862453933,14.552572741007896,25.982253859465366,9.910098517253488,7.795373303616307,2.9778511628798037,14.036100054899808,22.818643728637564,48.108113516691056,4.8346738094130774
2024-05-16,25333008.0,30.7846648215911,51.782511568533586,24.743779468350315,24.61916772265003,38.23817682954597,17.11496073674466,11.961643706515702,11.416989156672669,26.15707349711776,35.27965052135162,63.66118219453929,5.990780654125198
2024-06-01,38295396.0,47.317774021583666,69.02417424605075,36.37818054953392,39.504345777691135,61.12836422423608,37.51454815335015,29.575133594349357,17.988693691967764,48.413601427395,56.98656059360533,83.02881067627231,19.825466817040276
2024-06-16,45779180.0,52.61229885270972,68.2195228977182,28.070168545415132,37.9415878740618,66.63443804362676,50.50911354422703,40.373654136133965,34.14332286039056,54.92863711227011,71.84995997923247,85.33272047327804,35.779160078132264
2024-07-01,56965656.0,64.72746747899524,79.43914267478173,41.612094894862345,53.68758732170127,77.6609305979325,64.42989274427809,52.53646398243433,47.23114231707473,67.83826516607192,83.16055899277463,90.47590459394894,48.29851874244256
2024-07-16,70861744.0,77.7540415203918,89.5084114066881,60.15113537827878,75.6503639081132,87.29761715014345,80.87162032751301,72.5746739504246,54.32425252563955,80.75209991765028,92.0387227966945,93.9826710692532,63.23086805878523
2024-08-01,77163440.0,82.52825504145228,90.69530876017234,64.65742873401257,83.41868928095656,90.02508083246049,88.97152615954289,84.35826433163143,60.83319922857836,85.3017979687071,93.32171288885044,94.4945467962428,74.56808668961027
2024-08-16,82130208.0,85.30557670994546,89.40280722150038,63.80621341859961,85.12114566072067,92.65379229473108,93.1913684680946,89.13125975503293,68.70654048047818,91.3308125171562,95.7976679790594,95.65916851150052,87.22275834806065
2024-09-01,79422736.0,82.86861575991728,90.6067952312567,58.8373279319315,81.83072586671865,91.83315497062708,93.54152169055448,85.63833628739981,60.56479814041406,87.90185973099094,95.80018820577163,96.31574174827712,87.28919984187517
2024-09-16,78014240.0,82.39286488226809,92.06151268549546,56.04481898981141,82.26160769405725,92.74103442779726,92.75573786190826,88.49369064310469,55.58905832918247,87.9884573153994,96.15083502790635,96.5732242692582,86.76292321644499
2024-10-01,78942960.0,84.13886360681316,91.95176548359888,57.078230002167786,86.26705819280632,93.52206953868571,92.40832189485108,89.41428798179942,59.16127054676424,89.88882788910239,97.30258945182364,97.09544982677323,88.01270230676216
2024-10-16,75992592.0,82.81591346719418,93.84710159793931,61.40154861261651,83.50770867855866,93.1272314313038,86.57126440450729,85.64935451443084,56.86088866750961,86.13199286302498,94.75361268550166,97.4432041324278,82.31754604222863
2024-11-01,58973276.0,67.75266080948047,89.45236955481091,52.7616315304574,71.01807356142574,82.91284894576256,57.3605994828742,54.32908190259517,36.078563035620775,62.356725226461705,74.50585709341064,95.62287844108414,45.46847095619013
2024-11-16,45139612.0,51.95586678306741,86.84342588160204,51.420841914155645,53.816734087143,56.1831766018489,38.05959715261596,34.920752757863546,19.133009566139187,39.47020656052704,52.7569008782936,81.52298225207309,29.786016998418752
2024-12-01,32800302.0,37.67282104624453,64.02552485810025,38.71262261543464,36.00398024498814,41.33755521653992,28.63403573594663,25.75889526732097,11.648908163786608,29.45877710678013,41.932254034526025,58.61389816517204,20.73637917403032
2024-12-16,24354864.0,28.22190129464866,45.720759534067334,24.277886543464124,24.041075722130163,33.990653035201966,21.93987415009417,19.738837927568053,7.660711776951863,22.9559188855339,35.04201639769826,48.553137468262605,14.714373953585714
2025-01-01,19429884.0,22.68179102352162,37.47242927807791,17.738668233795796,17.794150258309777,28.126058791383944,17.133068120151947,15.612802902039627,5.411122472763963,18.31977250892122,29.298079003158396,42.10863882530987,10.79463247604874
2025-01-16,16103885.0,18.94781469992756,31.662059198978778,13.773007329828744,13.95317627611528,23.891115260257752,13.92948774220321,12.879342643051771,4.157228246292961,15.267197364809222,25.077575390472894,37.13702112491089,8.299323900102316
2025-02-01,13616785.0,16.15524020035787,27.260007066493426,11.211378678463038,11.326488733469798,20.599832358030877,11.387465285536438,10.758786143223723,3.2809332972527683,12.887549752950864,21.60191099164972,33.199889309969606,6.497652834620036
2025-02-16,12073855.0,14.453094526069432,24.32816453532107,9.481158038424018,9.7141706875264,18.544176078145636,10.04271076068567,9.469071585407791,2.780151019515434,11.524197090310183,19.716794931423873,30.696080822483207,5.520929375755744
2025-03-01,10999073.0,13.257036672424787,22.211942088946635,9.016242311131585,8.698284230106898,16.983221572020582,9.103438128451495,8.54808487209333,2.4406510626205344,10.492410959374142,18.21107574741487,28.38920053031156,4.866526224304716
2025-03-16,10585505.0,12.651428540470928,21.294990483029014,11.295230530565792,8.04296430776229,15.549006102281524,8.220525126089315,7.777822511309225,2.1133336845600725,9.843506382102662,16.47089841214901,27.02644366065063,4.381430724467491
2025-04-01,16808286.0,20.733135823566197,45.136004353871755,16.25058428625623,18.905312814764272,32.87184924176875,7.846205449771762,9.76265343509431,2.5313104668761257,15.986453472412846,19.3747187729849,41.79578627443623,3.906696542763464
2025-04-16,18205852.0,22.81919962107844,53.950169823793566,23.427880446564057,17.85530591025766,37.598700988205294,7.042420974718294,9.114958929657943,2.1658538561502994,16.328287125995057,19.81870457102064,46.74017547809338,3.525788298762906
2025-05-01,22255706.0,27.71737838289652,57.85049807381066,25.79123536743984,22.85870333365825,40.08524693747439,8.746732052223322,7.672364818391048,4.82728744396337,19.643890680757615,29.15581869510665,58.37812214676122,3.148561035019998
2025-05-16,26916920.0,33.10662431661002,61.23344502951971,30.032587930847605,28.67182473925334,46.79465424199645,13.754717376384589,10.376353304145391,8.11481761753324,25.217787537743614,37.13133301605157,65.60354208097257,3.7568885307180726
2025-06-01,31317094.0,38.58722006550637,70.24061410107365,32.56761462172122,32.23241787698606,56.12924085796256,21.554535624221916,16.087049615089548,8.7946784359554,30.147965275871535,43.7746587418336,75.36131852463322,9.147133842200724
2025-06-16,41383508.0,49.63578332125985,74.38229729421687,34.7527910253631,35.447651655456994,64.5506455211986,50.91986146135921,35.23231528266448,8.872321896113517,54.21906738951414,72.19794055293558,83.90764574187335,33.24714852106781
2025-07-01,57511804.0,64.60561819318808,84.13950055848093,48.48208866247561,54.40875085290964,77.56176283073,76.79180898266671,59.02988677548213,23.365689298440554,72.56728657699698,85.3211612512439,89.40499418408315,56.59508999162868
2025-07-16,67321552.0,73.22436861885568,85.45545829629123,55.93877018751355,70.43314813009715,85.793956919714,82.35840489035017,73.1974947752705,34.090048149992974,82.01128191051332,90.56395751308789,91.60934549047566,68.03785694354013
2025-08-01,75224128.0,80.56129303886422,89.82116072853267,61.861729080858446,79.77118465087565,91.35089826494831,90.57712197146232,83.05807386047988,48.96585756797834,90.38824457864398,94.23577640289017,93.83532825535002,81.25846432889963
2025-08-16,80820672.0,85.42377918531865,93.07101256012218,67.26406351615002,87.83939305325406,94.38100551026912,91.59669773677658,88.06095738207983,60.99206866163455,92.41457589898437,95.12007311902391,95.55845934486511,85.222711840759
2025-09-01,81066104.0,85.2629604175567,92.23738288996786,64.94008779536094,86.49098352665952,95.11371761009154,93.66492163309606,89.41188063807836,59.35530735532652,93.3877230304694,96.51598667416606,96.40472527609973,86.96624732583015
2025-09-16,81075200.0,86.01589984583093,92.68469762246689,62.96141339692174,88.2484891314943,95.34122113939615,92.85688862642448,89.30358985212031,63.16402288721152,93.50409689816084,97.02043222428937,97.15715482846171,87.77541624034974
2025-10-01,77857000.0,84.0050522874603,91.8567667373316,60.64505202688056,85.10600448386782,94.50603966482991,89.34937912982411,89.29118938652417,57.250501296345966,90.37563821026626,96.88823389434518,97.66497192100358,86.0457573714073
2025-10-16,69738288.0,77.96642333958678,90.31190590166176,57.200770919141554,78.06499983754102,87.88331094312127,78.00773294602101,73.7445305679744,50.20727805663052,75.20974471589349,93.57303249253668,97.7689142371143,74.48674541903078
2025-11-01,56593508.0,65.76147754642099,88.61780528391347,59.32415185345762,65.32371982324463,74.97572179971766,53.816156989178666,49.76051890161636,29.78105482968696,52.865159209442766,79.21657725089776,95.7755618926119,42.41145591107803
2025-11-16,40948920.0,47.34430472227898,70.9224224395359,43.8147998861912,44.24185674367222,50.53795710187167,36.476330322086376,32.005896008042114,16.067459481206175,36.21087016195443,57.78549409423268,78.32943104073644,28.32414135894335
2025-12-01,29088488.0,33.67434106655274,48.743349517882784,26.40847028777368,28.713854907885757,39.286101370736375,27.849411051169916,24.33664618660882,10.212445879152458,28.483085712325007,44.637079241119714,57.81431591059748,20.657405415775276
2025-12-16,23325780.0,27.019921243754297,39.822112425630856,20.95574158627791,21.206150290801578,32.81549990892117,21.78991165767549,18.94627787624666,6.804752257430042,22.975361995608015,37.480373599273136,48.455458206696434,14.959724676774254
2026-01-01,19137684.0,22.574561484976257,33.806138731222504,15.95794663180143,16.495588223348605,28.540692312946856,17.58209172598717,15.417455887410386,4.959061330574607,19.283593535547627,32.448227188162505,42.88020462021438,11.191824452376522
2026-01-16,15978294.0,19.111693630774376,27.91981524538968,12.270119770214611,13.35190442538259,24.911975158249465,14.414780979666103,12.77607321896246,3.8130220506532817,16.343629906670326,28.09295634491412,38.450533438395055,8.638879522835085
2026-02-01,13955581.0,16.826836871792015,24.40890207207823,10.221418240570127,11.224946794684342,22.21929362675896,12.59394252561688,11.127469346049049,3.0809982741995223,14.516145690365084,25.296737766624844,34.86336660287919,7.199207486512883
2026-02-16,13225809.0,15.788582511407892,24.143478310424214,12.70207921228051,9.773276310231669,20.071431417641968,11.191344527085262,10.089657019655563,2.6165300474475397,13.17733066840516,22.858310258296196,32.68023401248233,6.3094217979722815
2026-03-01,11576608.0,13.862710589371622,20.003192744306915,10.643086623401258,8.548821969327745,18.277021949997724,9.763871819835924,8.919950034390624,2.201706123797847,11.812945203129289,20.60526002682473,28.918298875589407,5.317426140591573
2026-03-16,20258820.0,25.886383899548637,42.83150972212725,29.306352292434426,16.84651484875069,31.89522803861742,13.146314481118525,10.256554059416418,3.2986828199037,29.656237990667034,33.49104940942327,50.94881367803585,4.894807750441819
2026-04-01,23018976.0,28.29370445356663,51.21159018897171,31.68897680468242,20.20252542483023,35.82323307072271,14.202461135761483,9.16124904103066,3.313470662988365,30.448479961570136,34.36269090987756,55.24548797418483,4.277900747604874
2026-04-16,19175758.0,23.307520849973063,50.46830905650915,26.225150051484935,13.161809143191345,28.045878113757457,10.407415129121844,7.652394281897304,2.0326417359541233,21.050663944551193,27.655210271275905,50.67177904518905,3.85563043554088
2026-05-01,22574188.0,27.36833404535914,59.42388132850076,36.9181186321266,18.27985996036001,29.94823307072271,8.712516359689724,7.290569363244359,4.555928867006399,16.579266744441394,28.63207123696621,59.273310569959854,3.5406898922193286
2026-05-16,30458282.0,36.99563187646662,63.28916774943582,36.85091047040971,29.802717938720473,42.58743282936381,21.636228333386537,16.90495125790323,11.241825197644864,33.10551743068899,41.07897070912473,72.25785774142308,9.177273480373918
2026-06-01,31712420.0,37.58026697871971,57.45017552257858,24.31015099989161,24.35484493290444,43.67748132884011,27.413257732946025,22.762370704478716,11.358926587225564,41.11806546802086,51.08680720806473,78.1602316360862,17.190027381173845
2026-06-16,37845996.0,42.57383398034809,54.71502655633819,19.357720369065685,21.236566673165026,51.96018716699303,44.095241325374275,26.146242824263908,15.729949742646587,52.13392808125172,70.77875005408212,83.68333270796593,27.026148730350663
2026-07-01,45645576.0,51.368683866733534,65.59312954478105,25.63840640580967,31.97278405952497,68.25881187667926,59.985846873304176,38.87091280653951,15.215528692031624,65.61845319791381,80.8739129494224,88.10818856077945,31.661508231792393
2026-07-16,55032404.0,60.25925169183523,73.51983177186624,30.929485963581183,45.99371283750853,73.00851587048591,69.98551568934147,47.29848747387635,38.89346973702696,68.65802223442218,85.0449855059923,88.8051542781384,38.87831073853595
2026-08-16,59072024.0,63.72704026351146,68.79266680343751,31.776785714285715,50.99405806283913,74.25042123958286,74.02728477032592,57.78884156503796,49.5863570762609,69.48849849025528,87.21765889326353,88.84294523032281,51.56436610547856
