date,rainfall,rainfall_ssd,rainfall_ceq,rainfall_eeq,rainfall_jon,rainfall_lak,rainfall_nbg,rainfall_uni,rainfall_upn,rainfall_war,rainfall_wbg,rainfall_weq,rainfall_aby
2012-02-01,33898.58203125,0.0517529632753341,0.0111555233269969,0.0,0.0,0.0002454162007706,0.0,0.0,0.0,0.0,0.0003389755991398,0.4115815013976961,0.0
2012-02-16,206102.3125,0.2407404478255351,0.3758545506223073,0.5001369685535443,0.2732649507952367,0.1346972269342866,0.0,0.0025759676499882,0.0062073249689733,0.007267919975488,0.0271913192327167,0.7547820575056595,0.0
2012-03-01,468736.71875,0.620974103544031,1.024216363633773,0.6055803677277531,0.5845025302985996,0.8491269418290905,0.0,0.2488009008111558,0.0690121441135196,0.2643265176794537,0.2143911291467464,2.0120998821182443,0.0015249279818083
2012-03-16,59721.1328125,0.0353247605571369,0.1906061272268002,0.0315280751398476,0.0414543396029807,0.0005743038111998,0.0,0.0016672974972966,0.0018148805308981,0.0004080891772806,0.0,0.0867146838904575,0.0
2012-04-01,1459364.875,1.8977935326386437,4.50829137602863,3.518746062418708,1.5399383823553303,2.6404003270299192,0.2807602068503208,0.4863209947322822,0.4208621798248975,1.1008326113436728,0.9256735082799724,3.5706856684552175,0.2398884542353618
2012-04-16,1895343.875,2.315702761731399,4.360431412272903,3.721579130988511,2.328896680150762,3.019074966414682,0.6962935202660644,1.265705603026375,0.7728229030965427,1.7965866687825969,1.6359425025959418,3.4644259752604656,0.0477996164782636
2012-05-01,3774621.25,4.243818532483855,5.243590647723905,3.802540459706265,4.780293522760503,5.0634260866842755,2.1026129117853607,3.2152309545382396,3.0280596239319513,3.5358161199560803,3.5824995673430537,6.8094403899791125,1.3872098017044927
2012-05-16,3696649.5,3.9147794113094463,4.137630288472498,3.406888269225558,4.233270532784222,4.058767546905597,3.436666304226386,3.038173386616756,2.721933391445394,3.382274653444963,4.60053493975252,5.100651711005216,2.465252142242582
2012-06-01,4116538.5,4.4621039743423045,5.445802417424605,2.833015857020919,3.039853218312376,4.777986816339542,5.068257812749385,3.775732206158567,2.8639533203698737,5.168978177326379,6.314786321550643,6.737960114067015,3.723570045809692
2012-06-16,5463243.0,5.847734829206679,6.0893092217739175,4.465584692716237,5.146866978587907,6.809271682453663,6.367913960002554,5.979240793894341,4.348106009808805,6.822634161405435,6.789442764894216,7.167311576801371,6.3792888452237
2012-07-01,5978026.5,6.282057414046102,6.706278208985844,5.647432781676783,6.777083434870195,7.006884990209026,5.258362893829604,6.098583701489378,5.5165004725596125,5.682236052017568,6.075290420975208,7.380451640338699,5.140474214607943
2012-07-16,7021377.0,7.491197967940264,7.419736174747544,6.247803422393236,9.035997863664424,7.342075714968805,6.549850169183133,7.483279212190154,6.896961250111754,6.835788241147406,7.826347050361268,7.583091003464536,4.995646480559948
2012-08-01,7348882.5,7.595560054733114,7.853103843260617,5.4701052900769565,7.189669335055399,8.324449115396876,9.272115507389792,7.049993717097431,5.845548440553278,8.393896685424101,8.798306824081685,9.197693488674595,7.7790365431122686
2012-08-16,6146604.5,6.247525323352589,5.041039444140509,4.50417976371125,7.060434232543782,6.302838528621522,6.003066943052319,5.82374763564456,5.746388351405545,5.805529011117211,7.227040112707135,7.23076917063775,5.117129365872942
2012-09-01,5420573.5,5.742284581235953,5.631101261711003,5.238685593025147,5.9279865037203106,5.348847212418598,6.877993124940147,5.330278960874051,3.6770717588157913,5.520225003431238,7.143635345909229,6.4942864870611485,5.385910322295601
2012-09-16,4168050.25,4.3671754555417275,4.302071935763295,2.718102839461847,3.7219745568931346,4.2876543359214905,5.032045539789958,3.68475412356816,3.870063667828908,4.319271548174582,6.434610662830441,5.290487067402099,3.2856053361315225
2012-10-01,3568809.25,3.9407528744172224,4.556512357815314,2.9274972733308045,3.4188687473600416,2.602724110842934,3.0412286625754144,3.603728241316367,3.628221307968377,4.339856831594839,4.688229094557175,5.964033166360236,2.945807730094875
2012-10-16,3326969.75,3.3253872801233353,4.596010636782238,3.237208576644808,2.5562577675699387,2.292672388029965,2.608092410301018,1.669744393336155,2.4029740124142687,2.181869124004941,4.020771251568381,6.058166203894788,3.7464610850153472
2012-11-01,2384401.75,2.160738277888193,4.310449149741276,2.9674436121423153,2.046608338816324,1.3427678784894577,1.2859737357151977,2.129399478519087,1.311399622590904,1.5312430302978317,1.8106459973824256,2.560115395920103,3.3403531502883452
2012-11-16,549504.0,0.5800929870875667,1.5377334364813422,1.7413929977102751,0.969862907467427,0.2789691157384216,0.0016467341949904,0.0099496790720752,0.0007462383804098,0.0253338437076456,0.0432545824454852,0.5572932789420034,8.17277477836733e-06
2012-12-01,205314.421875,0.2271470915680665,0.9159484416672364,0.6585218362169413,0.2956621739143679,0.0704991326609391,0.0,0.0,0.0017564833169543,7.013448672801166e-05,8.505811552233323e-05,0.2413239555582654,5.541183972689132e-05
2012-12-16,197873.3125,0.1417566590859136,0.0435125971865454,0.60768570353146,0.3609374301934074,0.0,0.0,0.0,6.716583010102771e-05,0.0,0.0,0.0095987468687658,0.0
2013-01-01,145556.9375,0.1319724957781513,0.3032629150496364,0.6230923900525688,0.1639568540681759,0.0076765585664441,0.0,1.7501538980732814e-05,0.0026024475998017,0.0,0.0,0.0735875197772441,0.0
2013-01-16,155471.28125,0.2046977692308883,0.7518214741617087,0.2219837915605354,0.0145101906995534,0.1862354473998417,0.0,0.0328197730022436,2.9049210541275453e-05,0.061194125774173,0.051036735194344,0.8211979811576802,0.0
2013-02-01,94534.46875,0.0644699521723752,0.0202390680385066,0.2806456818281893,0.0569087299109318,7.904223000787746e-05,0.0,0.0,0.0,0.0,3.451700517555969e-05,0.16590039617025,0.0
2013-02-16,142996.8125,0.1676557271060485,0.6158753992711254,0.0676904558851174,0.0115302474107465,0.0993790874292716,0.0,0.0,0.0,0.0038455084592079,0.0087900943646348,0.8760073300876765,0.0
2013-03-01,383143.5,0.495693791754122,2.2538700092890194,0.559648481956563,0.0718190055936657,0.3147250495596908,0.0004733709065666,0.0355017159919297,0.0353808742173231,0.0083410639505022,0.0185766794863821,1.916149175140395,0.0093508353067901
2013-03-16,1236262.25,1.6291999848307546,3.1615260064054342,1.7594416213350856,1.33226021562368,1.9200888232046085,0.5126449054529639,0.4294198824518531,0.1129439925060985,0.8677954724814713,2.088860469486869,3.49132928095256,0.0015767331389912
2013-04-01,1264652.625,1.589487229198011,4.914820616494564,3.035214678625623,1.372523008252916,2.0001745084589464,0.0428354378561225,0.3521475177988016,0.2123516366367804,0.5204273928595937,0.3964225185772076,3.1352994102785385,0.1596764731369465
2013-04-16,1738936.5,2.1686926509649496,4.3468718656682395,2.519509021718513,2.23053436819703,2.9626943252197275,1.19378875450889,0.8417783776388191,0.4063144081989093,1.5950451851152896,1.5679589138147365,4.003738524508148,0.7398177168112269
2013-05-01,3964469.25,4.307986762511532,4.909020321867378,3.823853782787774,4.146991615085941,4.904521992690924,4.052706630861557,3.1189700669294464,3.2258357999029337,4.554879220422729,4.8645645172630125,5.502877862619289,2.9031296507301647
2013-05-16,2970983.75,3.4670463621672827,3.5522589271467324,1.0261402473309127,1.9412731097897784,5.429990621726855,3.407244549430204,4.105708182323219,1.6047050812930252,5.807797059429042,4.754364088932635,6.122409415531624,2.4545845299274487
2013-06-01,4478762.5,4.77506988688077,4.582988913013746,2.6140317191225884,4.145755911476102,5.21790360729086,4.941481689118013,5.411246560937541,3.3132401704407575,5.21198188306341,6.0035768560983,7.04194182832414,4.891170734117757
2013-06-16,5134629.5,5.744569255344837,5.543965057899656,2.8813646979324736,5.688808302466128,7.365569071906736,5.351727842595844,5.447040504880824,3.795814734281007,6.200633063409278,7.104262887768789,8.249347272772754,4.9597341235699
2013-07-01,5759165.5,6.14992515989623,6.857445605096993,5.5378312649035335,6.729841379114274,6.9287471822487365,5.9832662320043415,5.243251666622576,4.204074309999106,5.373797351084272,7.880043157530394,5.917691096644279,4.9114304773974515
2013-07-16,6068809.0,6.23489924834841,6.2276864072579725,4.874715477996965,6.60523534213861,4.511973308210757,8.201466087560252,5.244457405227375,4.235954522523213,6.048769043370848,8.652629202180592,6.7523201130664265,6.459202922983908
2013-08-01,5719170.5,5.57325623332157,5.610824628439217,3.226364985841643,4.812559906748546,4.844932245890067,7.21407152775561,5.869574382952832,5.820956581989093,5.478964366593467,6.920172089300394,6.538285774142309,7.0331488059250304
2013-08-16,5600826.0,5.498527577069054,5.079999187923135,3.2530090742195967,4.655882436559769,5.570163429573296,7.174521479075558,5.241734676331314,4.160972004035915,5.824345062448532,7.589514694111539,7.23570019261316,5.66721772974607
2013-09-01,6530069.5,6.753187863365343,5.755522835031571,3.202139969583243,5.723750182766351,7.26430364543012,7.434801149966483,7.752987685510965,5.895895596255285,8.834830496843262,8.342466901743608,9.122865152026815,7.479908119012185
2013-09-16,4826588.5,5.206342369869544,5.211645752125647,3.730294734310643,5.112335814894239,5.654050944373606,5.77705284179781,5.6240017625195105,4.165578662017702,5.2575388587702445,6.244585703932851,5.869686331344665,4.977975159287508
2013-10-01,3170774.0,3.442575892663658,5.359156665298959,3.3527456796688706,3.453973594323683,3.1240433165216994,2.331301173907492,2.27733310626703,2.3228306560276892,2.5382299958825145,3.365279077250898,5.395354536415144,2.0566849522718815
2013-10-16,2823877.25,3.467827268730922,4.69434815872256,3.5530963784413614,3.393214951505995,3.863066894553486,1.1371471943132123,1.811160129692336,2.608527266370359,2.335767653719462,2.540007077997231,6.907394031493502,2.0506891437424426
2013-11-01,1477266.75,1.6410008451436744,3.9684679101415576,3.310783764971277,2.4082969831367578,0.8167958254588096,0.1111762570152145,0.2697170244752123,0.6484269731758561,0.296937432447502,0.765063306499589,2.109025771390692,0.2790628624299484
2013-11-16,617164.6875,0.66992394287386,1.045604616158335,1.535000334482712,0.8002976806949995,0.3418976932151965,0.0,0.0304807933063526,0.070467184446722,0.1042135133410822,0.3531430499069787,1.4962621594874488,0.0017161847890648
2013-12-01,219806.390625,0.2770304247853087,1.111101642817251,0.2050300431101642,0.0988339665425886,0.4323811741484129,0.0038285532611707,0.0008845392987417,0.0164631001512071,0.0360776010660427,0.1975535700282308,0.8107421801714757,0.0
2013-12-16,14994.009765625,0.0105982654444298,0.0077575427593641,0.0,0.0006766184948029,0.0219567060590012,5.690378778515909e-05,0.0051785623934851,0.0,0.0026228488751436,0.0053994343776238,0.058767295561533,0.0
2014-01-01,23202.037109375,0.0031456578784688,0.0444090205222152,0.0002655460445322,0.0005488623907161,0.0,0.0,0.0,0.0,0.0,0.0,0.0,0.0
2014-01-16,82746.125,0.0922882489911677,0.1730124975245902,0.0,0.0114580679889558,0.1348445073595963,0.0004043406187778,0.0021470778486892,0.0,0.0154087247804007,0.0085222432992255,0.5457896944142183,0.0
2014-02-01,134611.0,0.1729477670058076,0.8071706565285282,0.182313374524103,0.028913519801338,0.0202920200492608,8.820575671857044e-05,0.0,0.0015419993724628,0.0003860632011336,0.003651321669264,0.7318681561354796,0.0
2014-02-16,138420.9375,0.1651646525817127,0.1744997691101632,0.314361565650065,0.3611502133797153,0.1335053973100437,0.0067646273683207,0.0209132205342203,0.009484735593617,0.0856079269103417,0.0514444372569684,0.2018914994395144,0.0424663922296835
2014-03-01,2032491.125,2.5684357412188645,4.257529519706399,2.9465327268046826,1.7225647399031745,5.5285468088255385,0.3021603830661251,0.4482522887126002,1.1827254117335275,0.8223097485760362,1.3986365897979491,6.687261578677473,0.0986009863363001
2014-03-16,684950.375,0.7606370463931249,1.3482385945941324,1.280193733233525,0.7885055068517074,0.8828430078498566,0.0071551090690663,0.0236069149026315,0.1810959865759543,0.3058515474883337,0.3296554816959071,1.8603017163208384,0.0
2014-04-01,2575101.25,3.0821540405916625,4.660394085231029,2.089892017125514,2.7432592215778016,5.60382239343777,1.8193587251013503,2.4164688103489325,1.0092221964123784,4.407380592917924,3.1430154296283477,4.730858285492727,1.0875497228455493
2014-04-16,2615193.0,3.0149181015534547,4.782007226059404,1.2161537367223063,2.68730555690938,4.45423039812833,3.181787824799694,2.548587504298828,1.7741901429812126,3.364602705531156,3.346218172673387,4.43639192713219,1.8827434657241189
2014-05-01,4651815.0,5.405945260694318,6.814311501287926,4.068313224853674,5.422722325112909,6.86242542920898,4.661418764165097,4.371212484458083,3.923301659067397,5.7943050027449905,5.497104578592134,7.3498594486760975,2.93670210910613
2014-05-16,3686097.5,3.898754187021318,4.661980128336639,3.7408859811944506,4.137388004841277,3.2299132047224375,3.96196471893255,3.6937758756382104,2.968568998492918,3.4289740169503156,3.9844199557608273,4.879966980601103,2.6875572257813225
2014-06-01,4245168.0,4.689984350911083,5.904041008456997,4.472385276663776,3.962371708174936,4.60730615863655,4.472326188272097,4.59072304634798,3.100217161896369,4.144221366318968,5.61636342372258,6.342199479694321,3.977754612942982
2014-06-16,4368151.5,4.813602092117565,5.379089590599285,2.4789011269103622,3.25977647675212,7.049095046450202,5.404523254700418,5.009384259014312,2.758812997305133,6.954868497804008,6.30435793709168,6.941267056895926,4.1385659618872666
2014-07-01,4872301.0,5.13949204698132,4.638386802183774,4.524804645160416,5.069303985118758,4.276855446513958,5.356609314648706,4.501236739768789,4.876261622412097,4.460940931237991,7.368573016267901,4.86640588845947,4.281394608641056
2014-07-16,5275111.0,5.363659828123162,5.2828399610203105,3.983902066849122,5.322004357962115,4.957316760781456,5.213242071535736,6.762141295865189,5.145346006232678,6.451118154680208,6.032057175615455,5.118885861068378,6.813818918007628
2014-08-01,5957368.0,5.79671818018587,5.892518421322574,5.251746931226967,5.320474705136953,5.226829332506034,6.166117187250615,6.5813668950556865,4.64633303319412,5.337584065330772,7.427669222948125,6.047678401685991,6.977014492837876
2014-08-16,6032779.0,6.15964972973977,4.997326557477946,4.875646525444396,6.52577056324528,5.59071771540143,5.749452848182079,5.939151742017407,6.368665146812777,5.5883136323085365,7.2429490438281485,6.848284304528911,5.669602682308622
2014-09-01,4818088.5,4.995402789902855,5.3508050958535645,2.7506151941523953,4.975872810865257,4.7432487818206654,6.137041828933508,6.126583126107775,3.2877257430042017,5.389988076447983,6.7159580106433605,5.613606587620227,4.651237021556135
2014-09-16,5054086.0,5.360920076651126,5.5669172707378785,3.722816717022545,5.636242161354258,5.6097104974042535,4.30206221869314,5.502341207904553,3.7503679898335824,4.907099660307439,6.284599711201488,7.310165034457744,4.941178800227886
2014-10-01,4174716.5,4.417967661645337,5.092572132371378,3.3062250619851508,4.595481711180427,4.77456851404891,2.38529463402177,4.779296513319753,4.289814344738623,3.8299448428493,3.7042465279280057,6.527562286593374,3.79686082980653
2014-10-16,3423771.5,4.248478818780145,5.664835931979302,2.744163700073163,4.1907418181596645,4.088962313288401,2.4196809062470073,3.7305254821301026,3.4330921044229026,3.481160358907494,4.175341663782287,7.28363147724288,3.716094723746629
2014-11-01,904690.0,1.1092414951613203,2.6250694539424195,1.319211670821591,1.5304908850359034,0.8994432806594107,0.4342674026199444,0.3123147938794609,0.329610105391969,0.3976956288172523,0.8250377560788301,1.7513296874413715,0.0058936096991885
2014-11-16,1224340.375,1.3917064859359425,3.180370107593061,4.3940760994743115,1.79572572964389,0.3215159368382554,0.0104822391455578,0.0326893129997387,0.1664901303290675,0.0758052418593878,0.6564496390694631,1.5974372248383426,0.0
2014-12-01,66467.515625,0.0537387993793766,0.1538083711412101,0.0626378947319396,0.089978786093816,0.0148334941814503,0.0,0.0050190945049558,0.0014960559901633,0.0001877084722107,0.0015656515773472,0.1420516193888909,0.0
2014-12-16,23638.70703125,0.0083976833609146,0.0358992708360046,0.0332862892043376,0.0114508533189607,0.0,0.0,0.0,0.0,0.0,0.0,0.0,0.0
2015-01-01,28.064130783081055,0.0,0.0,0.0,0.0,0.0,0.0,0.0,0.0,0.0,0.0,0.0,0.0
2015-01-16,66034.28125,0.0804709363835899,0.1357338508008217,0.0002248100104622,0.0069452482779348,0.0573676490757633,0.0245404191260234,0.0002098389647725,0.0,0.0024879388550039,4.7000396392482935e-05,0.5224608520005504,0.0171016848882335
2015-02-01,116993.796875,0.173330287391416,0.6495190670661515,0.0051311449091837,0.0500731573090294,0.0172173841288736,0.0014656743450154,4.23637509569914e-05,0.0,0.0002910984436169,0.0404961831545018,0.9099522727414856,0.0001714242224293
2015-02-16,433233.28125,0.6177472045247692,1.478804704774442,0.113746297403398,0.2787729447923774,1.4683974253153604,0.0247645192869768,0.0098829353421123,0.0,0.1861319144806821,0.4201301756587202,2.3061405997898765,0.0027405770143656
2015-03-01,1436670.875,2.0949890796911665,3.4267065011739497,0.379657962847862,0.4473788386010657,5.620819979848809,0.4082628528306253,0.4393536629321976,0.1831036165777424,0.8431336102628328,2.696206714024575,7.04872862806899,0.0248305702440107
2015-03-16,1232326.0,1.4679435533802652,1.5111995372586564,0.9177040217523844,0.9631144503200442,1.227975644951956,2.743232425304051,1.0353746015317056,0.6429641501270802,1.6501803544468845,2.3221208708302687,2.3067563912548623,1.44851123950679
2015-04-01,1674134.125,2.0305695122932805,4.600413304383506,3.967185975774984,1.8397323132940184,2.617602157714377,0.1458904945713761,0.8636948571962382,0.4668528767066426,1.4355431220834478,1.0333404428784667,3.298970176228534,0.2623128762368035
2015-04-16,1230364.875,1.4084250647014755,2.690393201919351,2.7974029746097986,1.771562241081002,1.861523179561911,0.1697314535733951,0.4074440356653924,0.672880186980344,0.4182747467317458,0.2450775343218643,2.259410216001901,0.114340858008848
2015-05-01,4053035.75,4.348299419234603,4.124999287651873,3.080824148466291,5.154421828800728,4.668500102463683,3.336053214878539,3.215855731329859,4.80811285873022,3.703450538704365,3.938317654025873,5.674500175102873,2.779199682006325
2015-05-16,3216521.0,3.789960126554848,4.543804067222868,1.5261564422217104,3.3630854107775288,4.47864948597386,4.11640642456986,3.4890508022274545,1.9125166034458536,3.709235605956629,4.652048833448709,6.87691753280052,2.068712539821877
2015-06-01,4395276.0,4.622048962609358,5.497118907998814,4.8148490001083895,4.350352942132112,3.611270578122866,4.549961893893447,3.2888578923176635,3.4684985535844284,4.231306186522097,5.580198035196642,5.920382912461071,3.5232765411357083
2015-06-16,5629106.5,6.098487873890942,7.159797493674349,3.101744560210275,5.78405038665237,7.694041309941254,5.798504983720114,6.864887420306341,4.324260907186738,7.249137901454845,7.505980806256219,7.258522975998399,6.193672390940377
2015-07-01,4076652.75,3.981726089863849,3.5461790358795504,0.7214767221202308,2.061103360463983,3.944402067489412,6.527701244134453,3.7365789760852888,2.966619690090297,5.07937868858084,8.179766257084758,4.9050739184270755,4.35441724897684
2015-07-16,5410543.0,5.759156884051241,5.930662526499351,4.6207821306633425,5.872355980115021,5.2330159331026005,6.141310810163756,5.049155032274278,4.715909453746631,5.961715962119133,7.394035553584563,6.236920831613573,4.366404505976188
2015-08-01,5989136.5,6.082111667316777,4.249191128701361,2.314638360679059,4.882375129967183,5.608401950794663,6.2958300746959495,6.309359375413349,6.015024522012338,7.4568899258852595,9.462361549777182,8.04871924755794,5.735521332317924
2015-08-16,5828036.5,6.112419200549808,4.823582355991703,2.65564750772274,4.8638350066608185,6.033570375472471,7.060166250359115,7.27745297743446,6.107399549152586,7.542967677738128,9.037028674339115,7.001080322189286,6.322739599804669
2015-09-01,4843524.0,4.827950186055439,4.483000168114158,3.1326027073623455,5.271387216915229,4.920430902477344,3.5386707153573593,6.5271408990502895,4.719406155408254,4.5562671561899535,5.318155299506771,5.264339674558803,4.51954542019347
2015-09-16,4419771.5,4.765219551609488,4.312204375527138,2.1977279732549317,4.521126267180037,4.31941701010975,4.783952341430715,4.939684135340335,4.594687535920917,4.593411165248422,6.349147395405184,6.387655091116031,4.221420536461724
2015-10-01,3841136.5,4.083284962014971,6.163156927443069,2.8384463320371776,3.6798007136010655,2.8026784291179014,3.7444469327576857,3.11453834719981,4.442282670472688,2.445778290557233,5.198027084324838,5.262811823821495,2.74455283229467
2015-10-16,5086737.0,5.369611048163902,7.037756587795482,4.460757133373076,4.534802267115054,4.5837423579170276,4.963405169661953,4.220370740853417,4.42404442379657,4.577446472687345,6.914415723835071,7.460322783385239,3.3681641533345736
2015-11-01,1285609.25,1.454875558011529,4.102623364448699,3.4652277700249297,1.948330175536927,0.8721429354137256,0.4423800069129665,0.1907599661508624,0.2136856247285975,0.3706440433708482,0.4105707809863497,1.8017655685215064,0.0419174278074059
2015-11-16,770100.125,0.9752079579719029,3.075696961407828,1.9191104368767613,1.408073094356175,0.664360285076734,0.4737193181002011,0.0785526481400955,0.0998936803234,0.2075784788464177,0.4766815651635443,0.992841986073068,0.0016859594073121
2015-12-01,249336.59375,0.2182178671266972,0.2717376815419202,0.3497671693363186,0.55038056015856,0.2324358392344824,0.00040622069087,0.0429792645614534,0.0941205778857267,0.0376893212367897,0.0158610151036145,0.1821616708605368,0.0
2015-12-16,67426.5703125,0.0428923142473655,7.032908409397088e-05,0.3411656182680062,0.0209790367470787,1.0262437653707685e-07,0.0,0.0,0.0,0.0,0.0,0.000351923869722,0.0
2016-01-01,13211.2783203125,0.0063512342159551,0.0099915012694488,0.0118725245566939,0.0014393512053916,0.0001551297047657,0.000335938452487,0.0,8.003100588587915e-05,0.0,0.000149969144194,0.0324812165037584,0.0
2016-01-16,34444.19140625,0.0263045073410247,0.173128064877818,0.0963574568051566,0.0124362923618134,0.0009017808661336,0.0,1.1301038126532878e-05,0.0006552196753939,0.0,0.0,0.009361634756562,0.0
2016-02-01,32.17704391479492,0.0,0.0,0.0,0.0,0.0,0.0,0.0,0.0,0.0,0.0,0.0,0.0
2016-02-16,20878.08984375,0.0298789573059265,0.1869993083099683,0.0338238861461071,0.0071803353646734,0.006587410815682,0.0,0.0051559589927194,0.0090471482047623,0.0017805230902211,2.788044459083381e-05,0.0842145578398402,0.0
2016-03-01,1338939.75,1.7240805192835162,2.4812670251202444,1.168221940711034,1.3695785661776652,2.571742722232342,0.0118885640001785,0.0683048323271044,0.5386143865665352,0.191681673865118,1.0357088171429498,6.21448733943692,0.0
2016-03-16,1041929.0625,1.3885715407928871,2.4045854205133463,0.7801509173294223,0.3210743120369919,2.0866003119449883,1.4845130348820506,0.3767116517668183,0.0609482912420016,1.3432081860760363,2.009347418119673,3.831110543069053,0.4500333090381127
2016-04-01,2396842.0,3.0441438586226326,6.492916410221341,3.32701654969651,2.412492993956526,4.535837740220411,1.3736795037028762,1.4662872675326049,0.9247740175230214,2.5477008560938788,2.577009725316921,5.610105311870724,0.7857384087817413
2016-04-16,2418351.0,3.036373490040926,5.7720421881054955,3.5729616877574246,2.8906607917438345,4.706072253973314,1.0971382762872284,1.849358730589138,1.36710388408879,2.800209091065056,2.1340859648790724,4.797963725563768,0.6511417360885033
2016-05-01,3989504.25,4.412392963946728,5.213492158471814,3.055019442336874,4.649541459531468,5.08784553030648,3.2252375147636223,4.095662978492633,4.62480642617214,3.8409320958001647,4.43923502195734,5.439960039022926,2.0874197385708304
2016-05-16,3251716.5,3.751899638414721,4.42330076477695,2.445113292258292,3.3926009073333985,4.913227492144451,2.702253647013758,3.8484985516256183,2.7896914153798997,4.522899653444963,3.397516075909661,6.05409545295361,2.5754322999023347
2016-06-01,4757044.0,5.104779241042406,5.299615759420091,1.528012397876924,4.528575011372128,5.653404142378979,5.841145916461838,4.985483601624296,4.1159814552281695,5.932565879769421,7.0948607115043485,7.091137918527135,4.098483571295693
2016-06-16,4559922.0,4.930654491025379,5.348076090177575,3.559381689654238,4.032564140835689,6.404812662234163,5.828062653621477,4.716871329462183,2.6008936724906446,5.086769575212736,6.96246903798728,6.267641614448489,4.256151680657613
2016-07-01,5336516.5,5.689355910742922,5.939622441245526,3.3310733169168656,6.5690628350716445,6.528825026185164,6.815265685351294,5.268360542710511,3.9088486787488663,6.003822399121603,7.24684498442435,5.5474001131915,5.164515219514464
2016-07-16,6759561.5,6.680419599903412,6.792883357268231,4.262789518073921,6.044482283848328,6.787683153832142,6.189588853066045,6.620949594587445,8.067933637304112,6.92430903444963,7.88531819214295,7.261532556627018,5.691076702167241
2016-08-01,5434721.5,5.377077644866294,5.220648407759466,2.9170074297501625,4.4667451546609485,5.028213446081334,6.489163700641619,4.923510621412132,4.691989715442482,6.598968912983804,7.731453213559469,6.649934961790052,4.313246296856106
2016-08-16,4208863.5,4.350424661478166,3.1840593585447583,2.066462349948515,3.3971847889657862,4.199342026617788,5.524969475213075,4.56627759516944,3.6395587474615887,5.164300542135603,6.061005305455804,6.412225385539005,4.504160586805878
2016-09-01,4428485.5,4.520188253431654,4.010397789441291,2.318595841575439,3.8983786086200736,4.111300819140216,5.174728469052255,4.752027476124971,3.9740674930073943,4.876206509058468,5.943628856055034,6.34718170362588,4.71985273172263
2016-09-16,4214214.5,4.3956139210332426,4.027592448539972,3.2717718607739,4.301766538324073,4.210660349970399,4.985453841733968,4.274079637443454,3.287034065800733,4.505576190639583,5.46384508988448,5.461935449576626,4.685650971421263
2016-10-01,3336256.0,3.665373024128387,3.2611350697531285,1.7141085231275743,2.6535981110082205,3.101124894690104,4.122833089268044,3.706751309489167,3.5419476480580356,4.118407305105682,5.334778452602431,5.2455563737445745,4.301548257138871
2016-10-16,2526232.25,2.9852506176049927,4.078307004946545,3.076078092821916,3.212085881908568,2.740876818730361,2.221648109059278,2.5548464326340574,2.6660801579243136,2.372096314850398,2.367448108207502,4.063653021149926,1.6403606713910337
2016-11-01,556678.625,0.6986076025781526,2.105469729478675,0.9831083055021136,0.7397303079409949,0.5100847566772166,0.1301114288767477,0.0984058968967421,0.0924689204247927,0.0801205463603143,0.2825919336858586,1.6496168061235976,8.077285930884405e-06
2016-11-16,1118161.625,1.3951602948096415,4.52217005459436,2.3069645228159548,1.9940454976524675,0.9554564045493876,0.1795959755163277,0.0611443061815494,0.0209085349569388,0.0435767894978383,0.8229937900207676,2.06366044738784,0.0045042555117737
2016-12-01,166161.578125,0.1774485609726272,0.4165370638292416,0.1876644231274049,0.2296613732962114,0.057513884407091,0.0,0.0,0.0422099736470187,0.0228876407611772,0.1789263364367455,0.3980640384038122,0.0
2016-12-16,9031.8779296875,0.0079169941404919,0.0017068421132243,0.0056862916911265,0.0326559979823356,0.000698832248674,0.0,0.0017218532891744,0.0016074598445312,0.0002780220844311,0.0,0.0047564069073686,0.0
2017-01-01,1238.6011962890625,0.0018506985444175,0.006250467339328,0.0011915113464395,0.0017932355529783,0.0040222523050548,0.0,0.0,0.0,0.0,0.0,0.0056395597318209,0.0
2017-01-16,10623.078125,0.0129233983821148,0.009013625377589,0.0078687636836242,0.0,0.0,0.0,0.0,0.0,0.0,0.0014493626446126,0.0908998514166135,0.0
2017-02-01,76800.75,0.0719541681274804,0.4999499575440516,0.1304042112431918,0.0126917775496794,0.0,0.0,0.0,0.0,0.0,0.0,0.1686245307790201,0.0
2017-02-16,592404.625,0.6349510927274303,0.8762767059312955,3.543505827620312,0.8142842565064821,0.0958032427798681,0.0,0.0008815653264019,0.0096333116136513,0.0,0.0,0.088279226105884,0.0
2017-03-01,216646.015625,0.278102139714942,0.7608113075292348,0.0910183162097943,0.337435454286074,0.1995749046874288,0.0,0.0336769777915928,0.0,0.0,0.0010681380106577,1.1145365284917388,0.0
2017-03-16,647878.1875,0.7556486090730662,1.2602482853780574,1.5525222536852374,0.3491590590172856,0.7357801399767749,0.0141598620530263,0.0660794073114798,0.001454297632395,0.3464143026866593,0.6803510199887509,2.101424235175666,0.0
2017-04-01,1153467.75,1.4280262838134865,1.7974589473774192,0.4991054704435833,0.7929937534522533,2.0621999023748803,0.5384914695191049,0.4246616946310944,0.1795996683701163,1.4593117365495472,1.818035980833297,4.394873785223819,0.6245120366710073
2017-04-16,1801590.5,2.210062898192693,5.010371432560578,2.5058832968648383,1.8946016911979728,3.475258578487181,0.7778545538792415,0.7570360241792545,0.8966887500478945,1.3444814970491352,1.4275612277181673,4.30388439145498,0.1314120920255964
2017-05-01,3120421.25,3.527505479502944,4.8862159212655865,2.8171162848200737,3.8376910416057446,3.898548858099185,2.2631249102212148,2.1369871167429433,2.50553641103746,2.203861643906121,4.370555125903171,4.802278369792253,1.394860252825319
2017-05-16,3783506.75,4.180329822736532,5.234845862112198,3.4339900485042274,4.084340579003801,4.357978932328431,3.741773769432119,3.721993548451099,3.129129109352849,4.128390492039528,4.499876625167655,5.591288006703938,2.8630728754883266
2017-06-01,4328070.5,4.573753103503786,4.933093414484032,2.8977352980029267,3.9255805877765866,4.485588910014117,5.133846701726945,5.514966948625697,4.121516469341099,5.381550662228932,5.455943016376065,5.39891053181244,4.339072746139894
2017-06-16,4285121.0,4.285350920370749,6.45767084957487,2.621721646027531,3.958545291532638,3.671842980099276,3.6191701148370417,3.6385024536387927,4.6876229293587235,3.822611429453747,5.126536946199109,5.029594339799632,3.1347371029439124
2017-07-01,5841551.5,6.03902559268409,5.38874155155121,6.091671126436158,6.514542109367385,5.568553184343549,5.256984290707696,5.114770442580884,5.8882608050116865,5.6770784724128465,6.739631105871155,6.261686162495466,4.792596691586829
2017-07-16,6323775.5,6.297091219793079,6.524622313022864,4.38238317662042,6.798282808590831,5.845853707477572,7.06446366153797,7.294776427872279,6.428831085482202,5.996831680620367,7.106100327737637,5.745446152739735,6.128475694121477
2017-08-01,5558523.0,5.673945582653813,5.415629131619139,3.482182021257858,4.628333962861878,5.509771050594289,6.9592469155999614,5.4686524496706435,4.234412317841041,5.489890715069997,8.836740957469821,6.861415456580741,6.417661729141475
2017-08-16,5889597.5,6.002339236955997,5.6352375111126305,3.5013150674723605,6.414897894531631,6.021320984562139,6.32121602371756,7.961961158434962,5.880802425380283,5.770752556272303,6.691198540864448,6.226055072980376,6.254114442842527
2017-09-01,5154822.5,5.283301137383831,6.102964223027651,4.053745444260785,5.307016501770803,5.697199183705997,4.816121576435663,6.243657575196424,4.219394580890711,5.6989337427944005,4.941857328667849,6.7154249996873165,5.114339291112454
2017-09-16,5253327.0,5.399002622112426,6.663325041601131,4.5643591311239975,5.28993444780193,4.862167846896489,4.635890166629425,4.647773455067326,4.811674617162854,4.874128036645621,6.168585455155108,6.688903168111265,4.071213215631104
2017-10-01,3539465.5,4.165936066274123,4.962672958125328,2.8171639168518317,3.6015373696266693,4.5565652892891295,3.7830154000542664,3.756877711568477,3.4702059944825474,3.5787936625034313,4.966282165339852,6.151241588808425,2.9886028043902892
2017-10-16,2144774.0,2.5156034263920106,3.693544273860813,3.006954488334598,2.4246365488026775,1.714582965697436,2.3156831567018865,0.844341398871723,1.5604227732224734,2.0016695117348338,2.600752620278631,4.09449770490163,1.2129071568923822
2017-11-01,1291407.125,1.4963420641628125,3.239078634685085,2.31784748943204,1.882663621576177,0.7071339805148231,0.6280860833905257,0.657116017516071,0.8331849599920814,0.648226478863574,0.8989915036992169,2.2608198332145135,0.0595679564782491
2017-11-16,294482.9375,0.3128979508361659,0.7663801780585379,0.7865759491687893,0.3874290003492868,0.2677019352827998,0.0304542225144743,0.0360885906312829,0.1047579274469328,0.0074397465896711,0.2101769702115692,0.2826945498449089,0.017775962701144
2017-12-01,50052.90234375,0.0359682593213465,0.0571393132109234,0.1439235181992467,0.0446010542128151,0.0255333664932018,0.0,0.0025666216870993,0.005847001070568,0.0,0.0,0.0385495338374576,0.0003563965235119
2017-12-16,1105.532470703125,0.0016965374522429,0.0,0.0028932219132564,0.0041964728918155,0.0004552744946153,0.0,0.0008707085613447,0.0,0.0,0.0,0.0039682393911794,0.0
2018-01-01,943.8468017578124,4.635924098329452e-05,0.0,0.0004045082074092,0.0,0.0,0.0,0.0,0.0,0.0,0.0,0.0,0.0
2018-01-16,3348.03125,1.08505275382027e-05,0.0,0.0,5.694120782476058e-05,0.0,0.0,0.0,0.0,0.0,0.0,0.0,0.0
2018-02-01,80442.1875,0.1177385944301007,0.0177025160091337,0.0001197720773044,0.0149782587764021,0.0035034020560823,0.0003903900990595,0.0035001513018267,0.0005998452498385,0.0092091420310033,0.0862220332070966,0.8120617053925431,0.0
2018-02-16,998912.125,1.3381126130727938,2.4751559686224898,1.8465213374566445,0.6648479510876628,1.7339098219978142,0.4266133559409614,0.089646207999623,0.0356381078916657,0.6267862274396102,2.2470060477328775,2.74337188723375,0.0
2018-03-01,1547458.625,2.165666734773483,3.424097526157423,3.8572097536852374,0.8342154982819963,5.160750219158432,0.134020850748755,0.6592449191158964,0.0030610989657669,1.169811753705737,1.5284578416367411,5.445759539979738,0.0
2018-03-16,1942872.875,2.389987369281349,3.3087331031024187,2.2730365441415565,2.194014097377912,2.949689086763969,1.7924588813164364,1.0080195877754556,0.5521135667713961,2.789613642602251,3.160176699800978,3.83274079771866,0.7335457711782625
2018-04-01,1872637.875,2.3686948953941216,5.487920356629966,4.378206800075873,2.695437390340189,3.5269792567967575,0.1989972021439174,1.0426838493029285,0.5592473610100004,1.4793503808674169,0.7761018048554926,3.4645338511375434,0.1563091105987233
2018-04-16,1824342.0,2.186447633597711,3.484933837105929,2.793104236668112,2.1964761124378596,2.7050326745298054,0.6401377007054617,1.0748243060699452,0.8411764658926907,1.885049238265166,1.499530837623848,4.263093239153003,0.2120335099641893
2018-05-01,3833696.5,4.147130845577081,3.672022456062367,2.694265865488836,4.41579751112844,4.182309218315952,4.311675531490407,2.1999798285759637,3.3155672471486777,3.4642413532802636,6.161869808116644,5.292266628519255,1.6270272460119988
2018-05-16,3999912.25,4.358048755193145,6.067681620278557,4.811845853430523,5.515259974981317,4.073782745685141,2.446849712308871,3.72587696092696,3.4881640580098856,2.672156575967609,3.3288155610478953,5.510921259990244,2.2194619613873128
2018-06-01,3733717.75,4.1184930902539145,3.337406539925688,3.4319820937432257,4.039356956899633,4.382309076005282,3.130254054010917,5.445794671437263,3.3025038076171502,4.327714109250618,4.296822269934669,5.490454939151752,3.730932006324993
2018-06-16,5058269.0,5.228976664128139,5.979102555335203,3.699882634673748,4.445486889560386,4.976889102987386,5.348031949276981,4.122199561519537,3.968368040921108,5.395455325281362,7.280133204257345,6.938526384250747,4.388531081411031
2018-07-01,5158752.0,5.475314761842847,4.714229794957715,3.022221507153696,5.50184847857166,5.39953684992486,6.0399789917642925,4.3742745727626255,4.15050824105649,6.214137558331045,8.04828045904902,6.5778598051355175,4.385298097270021
2018-07-16,3768442.0,3.7156226975252458,2.5472404345893453,1.3871820508955668,2.685636290899048,3.800077345849082,4.325029128228046,4.676338340916907,2.41593527689439,4.987597790282734,6.536763671959504,4.7262520637124315,4.193058349223328
2018-08-01,5670212.5,5.465361105435543,4.347644407212382,2.1773501432771516,4.481420785001787,5.0559046120041895,7.667048392760239,6.820492926774424,6.037592835613114,6.551598099094154,7.295276873404577,5.784759874551299,8.522313331318017
2018-08-16,5638907.5,6.044486908012457,6.685189142674782,5.238175401040538,7.044736633687494,5.396731550844756,7.4819479801768445,6.371904843787202,4.663733524272961,4.7685381210540765,6.323654436896985,6.3261634960539315,4.695865864221933
2018-09-01,5491255.5,5.520421209700888,5.448224044883631,2.9172578683882504,5.104129605712058,5.893014040370691,6.6295168704312575,6.655236468611942,4.88029953254914,7.421062654405709,6.293295439795786,6.066326466799245,7.412761748907078
2018-09-16,4275568.0,4.468920073555362,4.457675123663635,2.0052253397328204,3.9204364765084314,4.561152317956191,5.483125578574393,5.2662503968148995,3.5166637131690868,4.457130541449355,6.089992644831913,5.819736282566008,4.627870372523486
2018-10-01,3351233.25,3.877259521023336,5.171360684652032,2.522905079733904,2.81631397837671,3.6317853727401066,3.1614182653940692,2.9416088942752836,3.1013420852650806,3.133913927395004,4.399770624215809,7.530010599977487,2.840132240605525
2018-10-16,2625778.75,2.933504142132734,3.212612764708564,2.568140267653913,2.9889875657958864,2.1056277821735963,2.613610064800332,2.059590644096717,2.3566523940891733,3.0278678716030742,3.25526320414918,4.425927576201018,1.002825954417031
2018-11-01,939382.25,1.0430458296958105,2.310054330791675,0.965900440162313,0.8265435633752477,1.076572657424063,0.9012552445773614,0.7244244013881908,0.3430357724433886,0.6160767439267087,1.0237773723121186,1.926296738396308,0.4292888270567854
2018-11-16,270609.84375,0.2741714380135099,0.9078412966730494,0.8085624716324789,0.3709025751271241,0.0100447971196854,0.0,0.0,0.010954807676669,0.0001244340268851,0.0,0.396691967663815,0.0
2018-12-01,407664.5625,0.4136693379243519,1.3080226248888738,1.537677995610232,0.4394152390583877,0.0082942118892915,0.0,0.0002256642794193,0.0276477089290218,0.0,0.0004147180241931,0.5177884292177904,0.0
2018-12-16,64229.85546875,0.0269961627758713,0.1229969438484465,0.1176686364452362,0.0055005453164091,0.0018377798742227,0.0,0.0,0.0030029373659077,0.0,0.0,0.0318648112748661,0.0
2019-01-01,11060.3095703125,0.0158279645402441,0.0047234955630506,0.0,0.0,0.0,0.0,0.0,0.0,0.0,0.0052288307774532,0.1193969401359236,0.0
2019-01-16,61301.10546875,0.0902351646617722,0.1795069642714673,0.0,0.0276104270488108,0.1625944542599275,0.0136246417732956,0.005616456660476,1.2223799999797642e-07,0.0189954105851547,0.0077318429111356,0.4783093270421372,0.0
2019-02-01,108264.7578125,0.1469212042832995,0.2540260357897946,0.1727478834442065,0.0212063742113124,0.0814900469696365,0.0,0.0086145380565638,0.0014401883633305,0.0425415005554316,0.0189220299896331,0.7695866047865622,0.0
2019-02-16,378938.75,0.4309565215372327,0.8883635618261186,1.0112520619377303,0.2625525104227589,0.1624266610857165,0.0958002216912527,0.0,8.378365865735388e-06,0.001162617840742,0.4038043897103361,1.08435913130214,0.0004423582523925
2019-03-01,65046.8203125,0.0694170199224046,0.0691444438537891,0.01893072915961,0.0233649646042499,0.0,0.0,0.0,0.0,0.0,0.0,0.4701058258445587,0.0
2019-03-16,499439.09375,0.533362375472878,1.153070077959379,0.7453693726459192,0.4011802327529486,0.5240111454158887,0.05535495305193,0.1696853877873601,0.0213835313922867,0.195017627985177,0.253741003777636,1.6024745592723224,0.0930965928496477
2019-04-01,1361638.25,1.6574354842704213,2.8067283773849416,1.2614659826848038,1.0298661160322644,1.5980091804613143,1.517552251252913,0.8478256196926007,0.5065579121007191,2.0241233186933845,2.278577160310215,3.2015891367428364,0.6987490898375732
2019-04-16,1449318.125,1.7057557225204476,3.511801471426292,2.7548512695100804,1.3763957510884752,1.5113138761441778,0.8944767592651707,0.7102994443764715,0.4845011223290802,0.9255618652209716,1.389545892733527,3.1963598926869534,0.6481400621889825
2019-05-01,2835720.25,3.446637148553349,5.044267093505664,2.174387854297637,2.9387976410956234,4.078068075732046,3.486851398154946,2.265283367172826,1.67670736107386,3.336039793782597,3.825250535412971,6.296134135054344,1.821702087305832
2019-05-16,4042517.0,4.6176862566636325,6.405590365634047,4.01405377804574,4.386311206420379,4.42080126599572,4.140743458119195,4.185625876299569,3.089482994239882,4.329143648778479,4.8948376590014275,6.567571729641164,3.148999221002698
2019-06-01,4951306.5,5.4061236541164375,5.756222360892657,5.159020702362888,5.3258135133378826,6.562406074957876,5.451140390078845,6.485977553503876,3.754602267647547,5.882845096760911,5.513146010902955,5.680129654296899,5.5654666571714255
2019-06-16,5444366.0,5.763731262886119,6.723545527593517,5.972465721872967,5.619799789615622,5.808432405278018,5.06058571679382,4.827042026004603,4.648072004674509,4.711224008372221,6.743910353480725,6.562996385376409,4.477338227257929
2019-07-01,5504684.0,5.760660651596486,6.322216428457453,3.897399333405593,5.307362234785717,6.416671410355663,5.91531266958215,5.029672247427317,5.29316257327867,5.946037777930277,7.435748415393934,6.27172799957475,5.398493454097293
2019-07-16,5751342.0,5.896139427035929,4.995583797784312,4.38527158302623,6.757340607434123,5.317670502413589,5.9589920436045585,5.154324207692918,5.6320620521859075,6.274426983255559,7.026411678492623,5.918611168436456,5.512623825690634
2019-08-01,5122110.5,5.187616478134617,4.9823925351615035,3.859798819233688,5.295567712902492,4.919958786830001,5.382404754684457,5.12686751011878,4.693256526431409,5.381064284243755,6.0138984283736425,6.049810122822158,4.0963925594130774
2019-08-16,5876769.5,5.860528849428213,5.163499210718275,4.497224640282896,6.058176560418494,5.568881210437634,6.3588448063970375,6.896346988174916,5.577649846098828,5.769613814164151,6.968508658547138,5.652828849449051,6.278192144916752
2019-09-01,5007292.0,5.214170784033286,6.840069297225831,4.2240153506394975,4.736138187607629,5.224224335693793,5.31286559916366,5.273602219518002,4.090510332452073,5.535901472001098,5.798291951499157,6.2990264592948355,4.377646556134313
2019-09-16,5130723.0,5.291162444044059,4.872238938658278,3.4623448677650117,5.802886997595607,5.6548226239810555,5.493794290867303,5.778051919922754,4.664169763847912,5.797944259538841,5.311800312594643,6.200830487911648,5.888898416426379
2019-10-01,5145488.0,5.2817517073140525,7.098618899450637,5.943813678734013,6.046324670208272,3.4668846628944854,3.9389187541896766,2.688877691727732,3.753380158243611,2.8030248507411475,6.137540967204603,7.174169512088352,2.691652230025114
2019-10-16,4674427.5,4.826100079870721,6.3471236807312685,3.2055021559316064,4.504414822757254,3.7596383458946216,5.238167156127302,3.816646715695352,3.1010415469302783,4.009139531292891,6.365872290485874,7.160449732968119,4.694301329527486
2019-11-01,1199542.25,1.3855493975642523,2.765533641352663,1.5630018299168111,2.180868881388699,1.6447167875358624,0.2073549056375092,0.5142361478532314,0.8465623084217786,0.4618074796699149,0.3164333966882814,2.33136440314935,0.0500803761078184
2019-11-16,1488483.0,1.7552869850969903,4.170809683375504,4.073359679845003,3.0444109542028137,1.085384267270823,0.0,0.0254967071080295,0.2408741664351763,0.0892385184879391,0.3921413273915112,2.2140566176378624,0.0
2019-12-01,467651.8125,0.502644411603544,2.0793383069479585,1.285795366017234,0.8074757022289372,0.2285902491575208,0.0,0.0127332921551761,0.0241284896546762,0.007185521676846,0.0018157906169806,0.3634986628863207,0.0
2019-12-16,298244.96875,0.2454720334450904,0.7663494580455447,1.249839532977455,0.2477784686515092,0.0007417945404935,0.0,0.0,0.0001938464454391,0.0,0.0,0.0367355988879795,0.0
2020-01-01,177613.375,0.1116498910097454,0.0444441899283947,0.437012512617196,0.3056665691912792,0.002600696048991,0.0,0.0,7.549346352640355e-09,3.7634690122685526e-05,0.0,0.0097007874084032,0.0
2020-01-16,60979.48046875,0.0505006842606695,0.0261765703758989,0.3554133909942011,0.0429624396426816,0.0,0.0,0.0,9.664994740937729e-06,0.0,0.0017034921549979,0.0006933703353423,0.0
2020-02-01,103157.953125,0.0997634074169096,0.1071069614755009,0.6176545585336278,0.0624458959244626,0.0,0.0,0.0,0.0,0.0,0.0,0.0841911615261466,0.0
2020-02-16,131587.59375,0.1139435863695042,0.3695314815131414,0.297536741232319,0.1968334587313578,0.0737489913731272,0.0001379551073021,0.0,0.0001224089346652,0.0,0.000615129341677,0.1053845330420684,0.0
2020-03-01,1489760.25,1.6623349183646934,2.7987609416672363,3.0878980344271625,2.928476672921337,3.20399629707637,0.0028458669342645,0.5629813447395572,0.7608151892792827,0.2803189282099231,0.0048082399795341,1.7458493192875817,0.0154341352716644
2020-03-16,1101564.25,1.36615201518782,2.342291645296223,3.217351946943421,1.6104500215258146,1.2449324059895714,0.0492975036073614,0.3065227947425332,0.0928566293448344,0.57123298320409,0.7880745718048284,2.2628638074868985,0.0880035039890911
2020-04-01,1665280.875,2.0106031864702714,3.502814487451275,1.8730235882289183,1.3369093346898655,4.083827744318958,0.2594159397494573,0.7836054167713817,0.6251680799551707,1.7072643597309909,1.3296993811653617,5.03345402924218,0.0595498236265085
2020-04-16,1564615.5,1.9174272572765945,3.313761212359525,2.5478509274062433,2.288507601049485,2.5170114617013524,0.2131269021880087,1.0541995416787917,0.8517088777347791,1.262603044365907,1.3225963709546575,3.0044682500969317,0.1807232866419403
2020-05-01,3118681.75,3.7011174935453313,6.038252382092138,2.905636076035118,3.5897994545439778,4.222563214399563,2.6313807777635905,2.383484811909738,2.492529846290407,3.2590402398435354,3.694083821875135,5.770059441171688,1.5501484963608037
2020-05-16,3135554.5,3.660273139290822,4.665514087396567,3.642159386516367,4.379084320271631,3.9388195756865065,2.785063353896,3.3017357758392634,3.0884271188551287,3.053394566634642,2.9235288987799075,4.312586378872588,1.8832526843433168
2020-06-01,4439477.0,4.971532511717468,5.247197266292827,3.064426874458053,5.351823195893037,5.88073761043308,4.258224235483768,6.24685689532023,3.918762053463096,5.763824457864398,5.495381049084931,5.442545151526522,3.6143748982652775
2020-06-16,4913500.5,5.3511630012816465,6.777985308532221,4.884491264497074,4.4318377968937845,6.672955849537775,4.533529882369841,4.955752658659824,3.1057280291709772,5.009094925199012,6.86794836780167,6.941903368228834,4.304861902381174
2020-07-01,6114322.5,6.298478509203708,7.081357279627984,5.514795990949491,6.43433001917016,5.684798231932238,6.539702173843649,4.755133792756806,5.494182408010524,5.219317869887456,7.189637595725349,7.814978800045027,4.579463538275509
2020-07-16,5948287.5,6.270711437611061,6.641506530807632,4.615601459191415,6.041746880787601,6.313674774579899,7.34573860008938,6.414927432475332,4.301859027165792,7.307531567389514,8.050691845498205,6.982313828124023,5.183057826016184
2020-08-01,5705423.0,5.72802858628824,5.445871515192961,5.166352648086928,6.0107121389349185,6.11121507696161,5.584815015801066,6.004737804555435,4.5906556126032925,5.721598356437003,6.116945820533899,6.299978190311808,6.234988315040462
2020-08-16,6203607.5,6.264674310108909,5.746925149308168,4.1066212334706265,6.508255454560223,5.291864952866706,6.5427087656015575,5.11933546731568,6.210828240545615,5.63970585712325,8.607559868904945,7.000914599827398,4.220586311738443
2020-09-01,4895545.5,5.304836435289237,6.222573884747772,4.312051623807717,4.5852767488709105,5.52351754975181,5.352714411689597,4.481629536917013,3.0830952574811294,5.7733135465275875,7.136313303119457,7.089343114079521,4.097014957910892
2020-09-16,4895888.5,5.021613852926426,5.446889104492922,4.420559932527639,5.327343166163044,4.83883387790883,4.442614398123025,5.462011586995053,3.7979883488511694,4.522170944276695,5.626688038117077,5.837295817542806,4.109386626825412
2020-10-01,4284051.0,4.597660143891128,6.313262212496296,3.7061150214068936,4.497056446372291,3.870034424951045,3.9697038995914062,3.5531070606597708,3.388434422774819,3.944246671699149,5.132524174706875,6.634900347704276,4.496571539856758
2020-10-16,3417199.25,4.154576545869941,5.777662258656455,2.7808680969542596,4.412879849400526,4.222563925952913,1.974974537739011,4.124356829184413,3.341512326462061,3.1341361000548997,3.6114405989053777,6.906483340212374,3.66100355490187
2020-11-01,1121267.25,1.308862960572345,2.9574074588547723,2.2708363676701713,1.8468279630487052,0.977924502054966,0.1986123379492929,0.282356405708513,0.652234989447233,0.5707381879632172,0.3000660139856358,2.097863549522845,0.0003109031938395
2020-11-16,915911.375,1.0829054406511012,3.2538584336319496,4.364084008508563,1.644086391623615,0.186245186786312,0.0,0.0,0.0860238785789206,0.0004856863553269,0.0,0.2765547855067977,0.0
2020-12-01,198152.40625,0.1780230187494969,0.3686343903511021,0.8197905058564112,0.2570685838349254,0.0049383129663787,0.0016480153400069,3.561221816256508e-06,0.0188270846654006,0.0001000848472232,0.0,0.0711572895267375,0.0040973602655421
2020-12-16,100863.34375,0.0716074243782157,0.180411557349723,0.3187081208591887,0.116652757703094,0.0,0.0,0.0001237227870611,5.718156847285544e-09,0.0,0.0,0.0079856447828626,0.0
2021-01-01,55776.42578125,0.0502234893975874,0.2568732022114135,0.1146331132168938,0.0483164109460798,0.015569956067362,0.0,7.128607740806135e-07,0.0042313077902689,0.0,0.0,0.0738380759145216,0.0
2021-01-16,35621.60546875,0.01420541668795,0.0118882916369261,0.0336665350523063,0.0470334014709137,0.0,0.0,0.0,0.0010358484798929,0.0,0.0,0.0050179459069898,0.0
2021-02-01,14828.0087890625,0.0214020923642584,0.0233297183891956,0.012293450309841,0.0,0.0008019638808515,0.0,0.0,0.0,0.0,0.0002598491424928,0.1484521448343089,0.0
2021-02-16,208469.3125,0.2256171067682696,0.5583938027849963,0.4621614844427433,0.2608183084161874,0.0810303835059087,0.0002788981830605,0.0046098185911345,0.0019286856416288,0.0,0.0009110941383719,0.6480528990469401,2.5228069234632824e-05
2021-03-01,205455.3125,0.1753811466401669,0.1449790275806948,0.1989521958578338,0.425820627264272,0.0021078466820778,0.0195706412212807,0.0,0.0356397417944653,0.0,0.0855274371261573,0.3633485502811026,0.0
2021-03-16,1200093.375,1.4417232030635685,2.3950485037839933,1.4258589431362454,1.3710351124622282,1.7827494207955736,0.6499760839291985,0.5603039808801354,0.9112236500121332,0.8281407622495196,1.1687247166097,2.8463710711292887,0.2831340680154753
2021-04-01,881208.875,1.0704667561342571,2.9605175707789098,2.2749727333080423,0.8900443360707672,1.896038853659092,0.0,0.180294748216813,0.0320473102667168,0.2698387478983667,0.0443014675436307,2.295150940239891,0.0
2021-04-16,1988843.875,2.445769173616658,4.29119972246917,2.765349792705398,2.2645944008512853,3.404037780636641,1.1526947601110862,1.5063915099798948,1.36986769927328,1.887436736549547,1.9983592837364257,3.9519041655722735,0.4108456844130778
2021-05-01,4699346.5,4.9934652283745375,5.567965134833254,4.54720186158682,4.066060897748319,5.55248880015028,5.361826958374565,4.589523921324833,4.669721141933918,5.14724643151249,5.169099235278847,6.428006531962528,4.099665147428146
2021-05-16,2386718.75,2.7988993396734587,4.399444938339146,1.5062907095098093,2.782968511388374,3.630943249351063,2.348704043237463,2.5548410590989654,1.8449495590507936,2.304051005352731,2.745268828689482,4.388784660988331,1.4420168400032556
2021-06-01,4560808.5,4.791487499303453,4.116193952449338,1.411210399787286,2.847252006368392,5.31051725659183,6.43746708111214,5.195573529800799,3.8633408687433746,6.436591579741971,7.784696382987929,6.839896564231486,4.992993384336341
2021-06-16,5424293.0,5.2830712768789745,4.422500085481775,1.7638823027314112,3.983197426243624,5.141829659820575,6.484438842691608,4.939031870849978,5.792448944404,6.732308108015372,8.267112258252931,6.235084205720861,4.756234521788671
2021-07-01,5753294.5,6.038817015559312,5.770479296314026,4.492454662773683,6.123574422458329,5.742795522337083,5.149587915376512,4.375814297240813,6.069691367485344,5.719226513175954,8.059104318997967,6.823277425487474,3.898334311924472
2021-07-16,5321251.0,5.45099791964634,4.609935261802184,3.174518048517776,5.365704807973486,5.511792573660003,7.304599965684553,5.819166903653342,4.500886448395213,6.508494458550645,7.208381105871155,5.573828139657048,5.9277559936285
2021-08-01,5535182.0,5.374158726031045,5.105708544188379,3.4319708737535226,5.388554663384995,5.251820509244501,6.029944217448207,5.349445533848311,5.23161008723195,3.908454141504255,6.437915080257864,6.710993489925331,5.156334657822528
2021-08-16,5196214.5,5.3397349870906625,5.663813356242449,3.2849585241437245,3.7289993846866167,4.857759062343458,6.208887301688639,4.635566850083331,4.848849971901861,4.892964246500137,8.524347093626963,6.8925196678048355,4.494097932750442
2021-09-01,5200086.0,5.491747853087406,6.291240682486494,4.539421539670497,5.798691494460149,5.762285324354479,5.052476697417563,4.948590563080342,3.8926347752787462,5.182328266538567,6.5836319116947175,6.171503492676948,5.559342953562459
2021-09-16,4990611.5,5.401102324299893,5.701010394583875,4.512320395485585,5.961137273775871,6.039042932282891,4.749644376256903,6.324109729239967,4.141310889944697,6.310226375926434,5.312109594708605,5.774368613435393,4.179829928611292
2021-10-01,3938565.5,4.378274544767849,4.389247318721648,2.8383227004525255,4.4337431361081325,4.8183382952320235,3.5043118755386726,4.631769414168938,3.154399074996488,4.3764303973373595,4.686590406373037,6.610393762585519,3.9170792978560134
2021-10-16,3101347.25,3.671368358811474,4.810478712188561,1.425786754145892,2.3573978234558273,3.990650900541919,4.210272388833913,3.598969769318272,2.296046623753145,3.550594890886632,4.52779449065461,7.068856859655047,4.680438883592224
2021-11-01,1738435.25,1.9479263409303391,2.5012514175727736,1.6923638655362565,1.873165355825779,1.1061945344164124,1.3156275437322438,1.923426918269358,1.528573991500313,0.8861347425713697,2.7109089378812787,2.6776488999787373,2.1140248218189006
2021-11-16,562588.25,0.681876253784572,1.85707554024482,1.4901608099731736,0.7346356324324983,0.3209900099688624,0.0,0.0020016498948647,0.1613231185222614,0.0066238256722009,0.1774982727523471,1.482431475366778,0.0
2021-12-01,135213.90625,0.1639999075140392,0.3688975362015318,0.0019349706630347,0.1019772622158998,0.2571227379719021,0.0,0.0071492486648315,0.0469805925274914,0.0499678153897457,0.1450240204883345,0.5940430432566632,0.0
2021-12-16,312745.34375,0.205529030336943,0.6524743768378581,0.8608654062737102,0.3009026182802904,0.0139732053357073,0.0002022171300579,0.0001433695855239,0.0008303693198429,0.0,0.0,0.0487710907599621,0.0005601928706679
2022-01-01,236408.15625,0.2854070069143897,0.9047172939604275,0.6478835923951333,0.0774977243050817,0.1681885088047611,0.0024551190437075,0.0379563816981114,0.0405488994180412,0.0969524575169846,0.0546728281128315,0.8469545193738821,0.0252866988935622
2022-01-16,337737.71875,0.3578820434444094,1.5421423371287242,0.7859494291777314,0.3080372962662865,0.1657686492796234,0.0,0.0433735993674109,0.0072976296323514,0.0563726667581663,0.000916010266962,0.7241531255081111,0.0011295705005275
2022-02-01,64518.69140625,0.0415511136335141,0.088617019742016,0.0987689673396684,0.0085472124038192,0.0001174136857158,0.0,0.0,0.000117794387022,0.0,0.0,0.1850997495208122,0.0016117954617843
2022-02-16,135818.75,0.1030031187891227,0.4724165003333789,0.3786814532723417,0.0739963208118075,0.0527497123100864,0.0,0.0009077454662799,9.243650034576064e-05,0.0,0.0,0.0881074882470013,0.0
2022-03-01,504691.96875,0.6220183435648345,1.4018165233422235,0.258591389568204,0.3818616072879098,0.8251735656507583,0.1077316273950984,0.0257061667954592,0.0262522966935993,0.0881332108452854,0.3068221592353329,2.542301023726439,0.0
2022-03-16,228058.328125,0.2339203337930543,0.8494119210034421,0.8715793321015337,0.1760436275973129,0.0041442361054532,0.0,0.0,0.0,0.0,0.0022914526510314,0.3542771808124773,0.0
2022-04-01,1842670.375,2.1933314526564756,3.9656576967790462,2.3930102004525255,2.312835325486565,3.0323151953640877,1.0797380255051554,0.9101992382807332,0.8589639050666054,1.8193734130524293,1.7829659242093194,3.606530164596701,0.5998005363599898
2022-04-16,2364661.5,2.8047307923299343,4.748295350931182,3.582822576820941,2.763419619358612,3.181306995423289,1.60587238045456,1.278667913051242,1.0906533176558488,2.277638622014823,3.128020824319647,3.9121175096619263,0.5553145764783508
2022-05-01,3284429.0,3.5559520713759434,3.768819525177232,1.5659956618862454,3.217023619504825,3.755552962338904,4.691628826571328,2.4178028937726515,2.584456061534925,3.4715861326516606,5.055403412040842,5.187053644015859,2.4118187043647104
2022-05-16,2859483.25,3.198104347381912,4.708984063347694,4.101822888440277,3.2789044984891316,3.2897028980144816,2.055836917834456,2.277227495635036,1.6812435741471576,3.190235983392808,3.161379350906416,4.012959566870537,1.455707699429123
2022-06-01,4276804.5,4.285654305279516,3.329325306594634,2.155345838188272,3.215135541557007,3.3993678560043716,6.177619844702653,2.7451629917197957,3.921817326972936,3.334492305448806,7.406174285034396,6.063039379385389,4.227064996860757
2022-06-16,4662165.0,4.870976280253357,5.378361214639039,2.6388670604812487,4.041735204048478,5.767079059269548,4.791958613975165,4.155096343350705,4.517634376157452,4.743348974059841,6.805567348461905,6.185066929946344,3.273586468700586
2022-07-01,4842196.5,5.22548889858895,4.2248152881305705,3.0242377181335356,5.243877327224876,5.183263055580856,6.718905616560794,4.628095982910505,4.379994603880098,5.552235022646171,7.782030810582789,5.353807080409741,4.158207303390382
2022-07-16,6275298.0,6.454756951538904,6.803116238118033,4.497031148384999,5.986017358741917,6.081336951819299,6.407065989402113,7.046781169810322,5.294048223431294,7.611439747460884,8.837499459178817,6.619086369492076,6.2598152206771465
2022-08-01,5787627.0,5.816372414262806,4.65884579657617,2.907353792949274,5.537039631867954,4.888919406621431,6.917641431512752,5.858849633607576,5.528842500351227,5.86759924855888,8.237130483926794,6.98806017285155,6.506902700911543
2022-08-16,6097882.0,6.1599453752376,6.807939547288518,4.307470057446348,5.683154729993177,5.557341238216677,6.4020882545408115,5.614758042115288,6.428091912844681,6.021581629151798,7.168715928265478,7.416722168023714,5.716367227467212
2022-09-01,5068371.5,5.446738921807183,5.96469745150334,4.0179981336711466,5.746427425512558,6.3249066442005555,4.681964140358158,5.669173765244306,4.119108969692325,5.128478417513039,5.8827445593389,6.787883975585657,4.68724638987071
2022-09-16,4513919.5,4.572215282550414,3.654703492215459,2.294724360841643,4.2291879894076745,4.472527992508766,5.302475201104478,4.8005451244676065,4.446198449493595,4.112223785341751,6.473864140310647,5.448073008517504,4.927325801088271
2022-10-01,3501166.25,3.811025255245773,4.961308099113269,2.538566915171797,3.7621082707866265,4.090745110205383,2.0689693096210937,3.442323574442475,3.6528123682899727,2.912111841202306,3.946995129905248,5.683885767263267,2.7182149843619197
2022-10-16,3116204.5,3.776396808886082,5.348255958079737,3.490992253549751,3.607802447850667,4.028366074274785,2.6100565706100167,3.8358149420650247,2.839743620445228,3.807241198874554,3.094315158136114,5.528902917964304,3.0235495898637335
2022-11-01,1016162.25,1.2055509183585018,3.0761678235200254,3.654768537963364,1.4292997561084575,0.9658674973814836,0.0012655406434015,0.0582351504941172,0.2751494559577634,0.0933411197416277,0.0808150730835325,1.5862921028604304,0.0
2022-11-16,753016.1875,0.8846945796261555,2.5227855233764163,2.7840975487074573,1.225492428396205,0.1606086867500227,0.0,0.0254329028373918,0.0469595918875004,0.0022636285824269,0.0184707030933112,1.1813631915000062,0.0
2022-12-01,371790.9375,0.3919132249506226,0.7163827336074449,1.1659196199937676,0.8775341062319264,0.0826320456233776,0.0,0.0043684595940128,0.0340629694664227,0.0011964404776042,0.0005637795520881,0.2830648113188373,0.0
2022-12-16,142695.75,0.1069958929848431,0.1395810092975677,0.6688606333324301,0.0811137454638406,0.0207521198953162,0.0,7.714570153627107e-05,1.6361648178280853e-05,0.0,0.0,0.0385321896633803,0.0
2023-01-01,36575.3046875,0.0313014156882116,0.0082981426401883,0.1461204398151284,0.0742022502599343,0.0,0.0,0.0,0.0029570004147618,0.0,0.0,0.0,0.0
2023-01-16,16795.9296875,0.0038268258068529,0.0017883365824755,0.0001447523671325,0.0130189900029978,0.0,0.0,0.0,0.0,0.0,0.0,0.009887411332185,0.0
2023-02-01,29080.884765625,0.0441416788900988,0.1398646574175386,0.0202112204078064,0.0024109920431431,0.0,0.0,0.0,0.0,0.0,0.0,0.2587840424608832,0.0
2023-02-16,67314.65625,0.0492735160066497,0.1558650648806674,0.1704495452940399,0.018582419755418,0.0,0.0,0.0,0.0,0.0,0.0,0.1291393337140257,0.0
2023-03-01,932672.375,1.170069492170812,2.8539910728532676,2.4677734375,0.9108257586834324,1.5341540271073364,0.0868858663503128,0.2955509661202746,0.1556256370973664,0.2337781790419983,0.4133848679585082,2.531982461571173,0.0036649170858606
2023-03-16,1607438.25,1.9865496777309288,2.7130364337573227,4.293860421634511,1.840980582090522,1.6077796973905916,0.5083036024236282,0.6455276790792571,0.2084390755313102,1.973588260019215,1.5923680328711114,3.483397277150326,0.6214003166856571
2023-04-01,1426135.0,1.6866954882329996,2.2487476919920675,1.51882640177894,1.598641538324073,2.2370696525342684,0.579092740487439,0.3280603367387767,0.4974325026022708,1.8008730356162503,1.9918721336477307,3.4223813521693995,0.0371491435117227
2023-04-16,3092019.25,3.4992930048108177,5.838258508286033,4.262254769130718,3.597244644945901,3.859622976342274,2.0603949368755385,2.591813047273882,1.91962714886905,3.327045232294812,2.50883515905551,5.180576791990294,1.6321466825760391
2023-05-01,2565204.5,2.7480906873216067,3.528585461829538,2.041193239553978,2.0895349510186176,3.4105239451933147,2.3796906921345804,0.898214188282056,1.138459966537671,2.378769858289871,3.661703843616147,5.582846328467975,0.7718151036822156
2023-05-16,2656060.25,3.0323265520614693,4.270835826551779,0.9484932612318449,1.8107156165724403,4.441136749168906,2.703833504245539,2.296280604349091,1.3498074638875053,3.8916123387318144,4.048559657984684,6.175079421660225,1.5018275916193842
2023-06-01,5240619.0,5.520260229953378,5.947054369258474,1.9991684505744636,5.139647707703805,5.85331719055968,5.983604398761452,6.055371385677628,4.558034231835192,6.371391624348065,7.012819490113789,7.296905682088227,5.947589904427495
2023-06-16,6319248.0,6.747284240701871,7.269024681437918,5.20437909847171,6.5124606036975665,8.174714097864202,5.399220321128738,6.117569641014788,4.9092422123453,6.7636914973922595,8.003341598883745,8.93525414931272,4.513835195563203
2023-07-01,5077003.0,4.989090526341859,4.678065661400989,2.577286041147301,3.912008663125061,5.122411368914796,6.115291920707377,4.111830292188038,5.405528787820734,5.288452597447159,7.192169990914204,5.96235444573687,4.031262716840294
2023-07-16,5115309.0,5.25230518354787,5.607596622899997,3.902070236288749,5.2831868156415505,5.849806030556947,5.942515142688416,4.743340949974868,3.527681057384063,5.644546476118584,6.836387395621512,5.708313008892724,4.302740733420147
2023-08-01,5129098.0,5.152220669180427,4.10356366397684,1.181647716880284,3.6783845282191248,4.280138909444875,6.849549210744725,5.295212924261263,5.700407582666003,6.082892705188032,8.143749594384113,6.94775211686866,5.35561008859641
2023-08-16,5267024.5,5.10934665440744,3.810060920011854,1.8618838320371776,4.612892744581993,4.994191945785327,7.051334012991988,6.6358367668844735,4.888150248413094,5.760291140543508,7.050077337429152,5.631429558615687,6.799178564784671
2023-09-01,5413170.5,5.697002061779074,5.659248629442203,4.584953951468676,5.780427551418267,6.333727771073364,5.0371479674083055,6.322531149969578,4.258086995670332,6.369709888827889,6.607727523471639,6.385260324815829,4.961379682703934
2023-09-16,5394574.5,5.687454337475466,5.535506280061091,4.234462642938435,5.6174309346265066,5.756393662621249,5.787237247422351,5.8159853575302245,3.969042555908911,6.242106865907219,7.1025538928308745,6.855718359536228,5.883400381359873
2023-10-01,4335897.0,4.924686244280576,6.3210154095146915,3.8424569491112073,4.092488658332521,4.9547644189170725,3.8071057913301622,3.824535478558768,3.110482960713693,4.086972447158935,6.58104273028166,7.756723481295261,3.819548036229188
2023-10-16,4230560.0,4.413216824241073,5.299862231872165,3.747392728430522,4.314834840140365,3.7117504497017166,3.8659400736585057,4.011527472818179,3.248565957188654,3.775988196541312,5.162696250486739,6.113341588183058,3.7275791205469258
2023-11-01,3297043.5,3.628318272439648,5.125916792039937,2.92227468567093,3.380223056178315,2.296205428298192,3.758676620806334,3.828280005819952,1.9757577716898476,2.397353657699698,5.698206907368148,4.177121246232161,3.716896611361734
2023-11-16,2049909.875,2.6342725882447637,4.736717200642823,3.1561297555820507,4.373650575104786,1.9415805805706088,0.2067833919721805,0.2146832156391365,0.487880482330102,0.480425537846555,2.979338602734392,3.80938957887759,0.0
2023-12-01,368313.34375,0.4268725794992291,1.4306015316909435,0.555063951824328,0.5824540875694512,0.3102988097135571,0.0025675315125094,0.0215759689077959,0.0440155453753017,0.0219714432537572,0.0815977691464219,0.95165353004265,0.0042635314731351
2023-12-16,131421.40625,0.1006205350854585,0.0077919246869497,0.6192951644808151,0.1497904628202472,0.0006823231599669,0.0003275953319575,6.566640293247179e-05,0.0001997122665988,0.000390846049298,0.0013942351279561,0.0057929083385316,0.0098107782987847
2024-01-01,77954.3125,0.0448955972812997,0.0663114242207623,0.2505422906815657,0.0609527051450758,7.684732744008543e-05,0.0,0.0,0.0,4.11717275849352e-05,0.0,0.0041218414426874,0.0
2024-01-16,104318.9453125,0.085015633368238,0.1200076639754154,0.1508663631483037,0.106113651859546,0.1413748660500819,0.0073427848196107,0.0235100136601462,0.0468623871434649,0.0021443955753649,0.0006267278335644,0.1864273849753918,0.0091630454706974
2024-02-01,193238.265625,0.2141350618146751,0.0820600889687193,0.8675146791336983,0.1089798629556974,0.1093334297191641,0.0,0.0004740273749707,0.0,0.0101179777905079,0.0002321181311537,0.6607840602447688,0.0002841186816166
2024-02-16,166159.921875,0.1222391707259877,0.2845266455597917,0.7504612368408573,0.0065321122383395,0.001001313212704,0.0,0.0,0.0004565647489237,0.0,0.0004210309743396,0.1299400727028692,0.0
2024-03-01,420427.15625,0.4478531551256571,0.9182215445417036,0.8429417373455452,0.3595089017366865,0.2274321071371647,0.0,0.0002668728440789,0.0177441158046444,0.0072061484769056,0.1198227885314812,1.522553679974485,0.0
2024-03-16,505178.9375,0.6370369123465275,1.9319041492853724,0.9619781011204748,0.4970073279153263,0.8558284402181338,0.0011453571612437,0.1521594222457739,0.0903055458103439,0.1652138009753294,0.2105169904044801,1.5281323480669893,0.017701800529729
2024-04-01,2007716.625,2.4628810112004755,5.608589280015501,4.0566753434587035,2.573700023556552,3.0914716061751446,0.3386607898138986,0.8262398192177456,0.8739145896394498,1.7431049272577546,1.2954929483678015,3.865735963628632,0.4995927886068738
2024-04-16,1877975.125,2.251979547832655,3.2095532295014704,3.257063936158682,2.1539885202423887,2.7034220735233845,1.6275283950346346,1.3785478765442714,1.051559785975197,1.630046707727148,2.0732488210098214,3.24573792571886,0.5852290811610548
2024-05-01,2102604.25,2.317827230033868,3.4217852441359504,2.0143539656947755,2.554153669948338,2.5724071351723667,1.2636844066220831,0.9445555549125684,2.0009834348697906,1.50546875,1.918774235549258,3.891836453916676,0.7120946416321737
2024-05-16,3312853.75,3.877691380153674,4.367891478036882,2.8699609544358333,4.122185398186958,4.705641408420238,2.9351325833147124,2.962849031771646,2.6307243971671967,3.7951074835300576,4.062649063838532,5.796225204182457,2.089046404113571
2024-06-01,4913018.0,5.42964024122196,5.8570837322482845,3.547311944504661,4.369862742470026,6.572917141035567,5.189629253519328,5.09450188156398,4.447609742391152,5.5777956011528955,6.25705636438368,8.21185962377897,4.819618523858246
2024-06-16,4049116.25,3.905618657552736,3.3476497498233377,1.1251335813868415,2.5246909725606783,4.071720308301836,4.417554645353848,3.706213542631147,4.3688898521016135,4.3970401283283005,6.171059036040323,5.400792496841895,3.8926026503348528
2024-07-01,7099063.5,7.526613512392345,8.788834370512207,6.271695226127249,8.03795904815284,7.106143124686916,6.358286681616497,6.411342044522631,6.703409773043667,6.159283214383749,8.726952229264915,8.805734306405013,4.842617111198958
2024-07-16,6384294.5,6.585273603655478,6.9926328956666435,6.25005504145892,7.178493680345713,5.934516101029191,7.978036119002777,6.916971855903283,4.265929329987101,6.470307353143014,8.566628493704842,5.602179170887896,5.45792724223328
2024-08-01,5725649.0,5.440050522874603,4.654151066242677,3.7949989330424887,6.244349473632908,6.05814031262808,5.322971198965749,6.136963969207164,5.856526271760093,4.3185497014822944,5.780201482931684,5.198310648130777,5.8278928268300625
2024-08-16,4926233.0,5.188977066577508,4.721890742893615,3.5786254538803384,3.8890633630633262,4.8252360934013385,6.992154331726626,5.066598353879527,4.04170458318965,6.070682215893495,7.1281610998139575,6.882058834565307,5.815271544507488
2024-09-01,3843127.0,3.802450761867613,3.870411053363423,1.9973251967943857,3.248716320222894,3.8788480805136847,5.5914511643310885,4.425337209994445,2.2242031942475444,3.319711818899259,5.055854659715312,5.487490306805248,4.416260333341085
2024-09-16,4756710.5,5.108567682696535,5.124707937267774,3.5319096507153698,5.433343588556389,5.804528467826404,4.5190470680243875,6.080898984153858,4.105146908566101,4.933967969393357,5.504978935014926,6.132922623291184,4.5392594293554085
2024-10-01,4564580.0,4.750390840252367,5.46324176810504,2.888378038288532,4.4990780452935635,4.3447269627487595,4.277012940115555,4.242103383508373,3.585212396388112,4.336799598545155,6.198938368017998,6.793288713369105,4.405514603292717
2024-10-16,3413619.75,3.8591241463429737,5.581010722264013,3.230646152856059,3.55271413108815,4.375917903820757,2.3428018362754175,2.9103783216713843,3.1821346124372583,2.8286274619132583,3.187181253515338,6.754961508636324,2.8906102847990884
2024-11-01,878931.4375,1.0211253026109677,2.470770041202216,1.2084097209990787,1.4881707017415602,1.0120353022963249,0.1775425040200945,0.1565549610336036,0.2467577381636589,0.4840471023195168,0.3081835920599338,2.03848862769377,0.0
2024-11-16,1075424.25,1.2349372682046424,4.030022624176525,3.99885598444613,1.8449211007814277,0.2062542115063869,0.0021043203258109,0.0393315804155726,0.0951617044913917,0.0068438864788314,0.1126122584219378,0.9497833883656648,0.0
2024-12-01,32192.275390625,0.0273756660004968,0.013076961357073,0.0341617229469112,0.1075075467272638,0.0,0.0,0.0,0.0,0.0,0.0,0.0185823832145916,0.0
2024-12-16,54418.18359375,0.0322808865137281,0.1552169171282682,0.1021712439814281,0.0214445951579355,0.0054921443315036,0.0,0.0001180757590347,0.0008729894522032,0.0,0.0,0.0475965756590981,0.0
2025-01-01,10331.2705078125,0.0002923281417999,0.0,0.0008585967289866,0.0007663746885951,0.0,0.0,0.0008237526462884,0.0,0.0,0.0,0.0,0.0
2025-01-16,41181.8515625,0.052609147703175,0.0869566920832478,0.0006111294593207,0.0,0.0,0.0,0.0,0.0,0.0,0.0008007817517384,0.376613618899541,0.0
2025-02-01,36372.12109375,0.0338296938027827,0.0177150015796319,0.0,0.0026181584759894,0.0164182499581072,0.0,0.0001437527102606,0.0006431252575423,0.0030440383647255,0.0001703117274714,0.2496062139632033,0.0
2025-02-16,30216.017578125,0.0168998759783582,0.018912315477348,0.0,0.0001480325828438,0.0,0.0,0.0,0.0039154566836901,0.0,0.0,0.1220628251910497,0.0
2025-03-01,462550.5625,0.5321275524577274,1.3168542279286055,1.9500594024360505,0.8496763258683433,0.2678290809719249,0.0,0.0,0.0,0.0,0.0,0.3534057704213725,0.0
2025-03-16,1003622.875,1.0723522701240162,1.4942773513186989,1.8003527734120963,1.470350601707444,0.9888235425964296,0.1601929720169502,0.2837628510158461,0.2586879975046937,0.8400414750892122,0.848208225619781,1.6230815877765687,0.0242164348538072
2025-04-01,2541392.25,3.2137741392227155,7.1660405126627005,3.141882909034251,3.570579541946908,5.804887802267863,0.8659014812501995,1.8659267859977249,1.0842633857299768,2.997593415454296,1.7616558795374897,4.955007160456768,0.5208909527311413
2025-04-16,1561893.25,1.831112896335234,2.854202105986004,2.085399575588012,1.763823609148065,2.4957772866478436,0.9487954180898268,0.7510921710073808,0.996676117858922,1.488950770312929,1.883538552438022,2.7549816376496192,0.2754513479124035
2025-05-01,2589875.75,2.954417578369275,4.138517161891085,3.3350204246152177,3.58971543279072,3.1847719044583087,1.0330885323562742,1.4463860703089866,2.027098539854656,2.066848236343673,2.8073987041924457,4.105533094442985,0.6283030175972003
2025-05-16,3223472.75,3.7249134733857137,5.037366221021678,2.778011021840451,3.866029472089547,5.014967880481807,2.9252057929262296,2.8406610440199995,2.509840934199267,3.3194542615975844,3.783399764201964,5.223957356196766,2.1139708660822247
2025-06-01,3147221.5,3.470151800806137,3.5365797886890515,2.0792815057310863,2.6591255239302076,4.118876371874857,4.133464144348325,3.0592093297796357,1.562848931791767,3.878746911885808,5.355110962986198,5.022837245006441,3.66359597363036
2025-06-16,4999324.0,5.17782651026865,6.045724201600219,3.725254206861045,4.222048424960198,4.868293253905005,6.552281677945542,6.129135555276315,3.016028511628798,6.3542435835849576,7.005965257647212,6.1080412085850435,5.7193396980513445
2025-07-01,5834469.0,5.921336627226628,5.168812615400396,4.42219000650336,6.174941920914969,5.394395521198597,7.458781562230664,6.020886104203592,3.67393067422762,5.835883886906396,8.520320679920392,6.274868125648819,5.354363474909311
2025-07-16,5304424.5,5.4840680356136735,4.722497307324079,3.675742297582918,5.289316088312701,6.486156729586957,5.356571408050564,5.333808133382715,4.273376933343551,6.167139033763382,7.634463694673993,5.967820938551399,4.405048803599665
2025-08-01,7157453.5,7.613218294729152,6.887738921561923,5.58679784034251,7.578595115670793,7.742812599617469,7.9807883375363105,7.252975285045369,6.828680377281377,7.7323471383475155,8.96886222039545,9.16530805598289,6.742566825179053
2025-08-16,5432503.0,5.435065568289466,5.793165090952609,4.141003515879038,6.57874082106768,6.090840458354205,5.444581551058192,5.1642119256104335,5.088616102788102,5.167351341614054,5.098705274088175,5.381661335409553,4.796779078690355
2025-09-01,5062492.5,5.150402294580555,4.341467280425813,3.722400095518101,4.943205356272541,4.741778356824081,4.948522340951895,5.351474250019841,4.705421344368239,5.033743652209718,6.702534828884178,6.172290283041287,4.8296492041438
2025-09-16,4503411.0,4.6492959457869745,4.535406551323258,2.8758209645295905,4.549783015726029,4.631091252447743,4.322768199157276,5.456845966376551,3.917023081982707,4.577271479549822,5.409550023255311,6.088629022675822,4.867084311924472
2025-10-01,3621445.75,3.8523018556011666,3.830363197816226,2.1221823006991114,3.292793725834227,3.868544788014026,3.036365645050595,3.4539144963096216,3.2848317144973627,3.1055365169503157,4.5093829095097995,6.991053337585831,3.4259356687749976
2025-10-16,3088498.75,3.5790008110902662,5.6246331407143995,3.6431179546932584,3.542434793027261,3.3874489816248463,2.23058359202924,1.7321704038914314,2.268091170479073,1.2946039493549273,3.789841958529831,6.211585243830751,2.0873510676332434
2025-11-01,1188860.25,1.4369381187659045,2.4304338627504616,1.888576610936484,1.4766262143808688,1.0025100933842617,0.279410532448048,1.2241334554641412,1.0303430966384408,0.4759095461329948,1.086662031378445,2.6133239997248383,0.0656238407237553
2025-11-16,284290.5625,0.2816150583396796,0.8373908682668855,0.7417566418105084,0.5083822169863047,0.0554894095067796,0.0,0.0127596237688404,0.0245039115633022,8.651303117693435e-07,0.0002004558797762,0.303526466330219,0.0
2025-12-01,180186.203125,0.1814538391541443,0.5408559254541931,0.5305222354792164,0.1735504058174529,0.1249449769136515,0.0,0.0210011992541946,0.0237863522793218,0.0462445904388553,0.0268145638665875,0.2684546653580854,0.0
2025-12-16,342153.5,0.3132870497210716,1.3668640939501695,1.134875496219922,0.2126387025264402,0.098808088102401,1.06484664918423e-06,0.0029843807384446,0.0174476263682875,0.0040936168719869,0.0049328041299471,0.3438247265190174,0.0
2026-01-01,20928.63671875,0.0154612948310215,0.0030135017963193,0.0299997087830502,0.0401258209889893,0.0001093646618907,0.0,0.0,0.0,0.0,0.0,0.0342236372706855,0.0
2026-01-16,66002.203125,0.0498176026420027,0.0714627084864881,0.0379474738299032,0.0155111438609797,0.0043119656984812,0.0215246975203099,0.0028248934741878,0.0084219434056481,0.0001329280765312,0.0090350041017906,0.2736825658511875,0.0083455307607195
2026-02-01,217124.265625,0.2237928550532162,0.576978564732499,0.611469486285362,0.0522442890909303,0.0205058932516102,0.00114343367805,0.0,0.0009318277848239,0.0048196629773709,4.525079517977646e-05,0.8404157168899228,0.0071135329242174
2026-02-16,405170.84375,0.4545919569719709,1.4570528875743691,2.0609080316496855,0.1439373862787146,0.0760597052852759,7.046609627023545e-05,0.0158808613254899,0.000328402477387,0.0230330026120299,0.0017954948034795,0.7100519211286631,0.005268700831813
2026-03-01,580420.3125,0.677007293620868,0.7075106157679683,2.157792219339367,0.4380214869768821,0.1873372988794457,0.1389245181123711,0.0473574653024638,0.0189877263092575,0.1617148094376201,0.8411887891824947,1.2074948524445612,0.0
2026-03-16,3395911.0,4.112571666945286,6.338894635163783,5.0486248949978325,4.043132351268804,4.823978067079557,2.8657532839084494,2.2730768531255787,1.7304991331085482,5.5649318899258855,3.8609619721585258,5.4591467018123145,1.3357229487373268
2026-04-01,1911751.875,2.2555108475583707,3.3264880240032824,2.430962556565684,2.2286790358871884,2.863520509813744,1.4067831862291311,1.41554280558054,1.019276061822292,2.8020679642465,2.0859518655626705,3.3145977167836103,0.7466185013312715
2026-04-16,1773507.375,2.072757815257165,4.6702565450545945,3.1195170238998484,1.8905525280647888,2.043353522473701,0.6678423115443547,0.9846076120671412,0.7311121335268274,0.9278659415317048,1.718836700395881,3.4903431547284027,0.4969216617204213
2026-05-01,3095655.75,3.4809575663577093,4.559092838906745,3.605383647436592,3.525871592422914,3.555476968441186,1.244190190370926,2.3331668226369673,3.370853528870838,1.957136331663464,3.3528131489854194,5.271425868948007,1.5307560415891546
2026-05-16,3069254.75,3.494365708837169,3.9280161532061366,2.125371529847713,3.3776323431458555,4.278617608383806,3.300075613687873,3.466994300746012,2.1472382402901773,4.35818393151249,3.3427968026651667,5.598518817305167,2.6092440165449724
2026-06-01,4290842.5,4.274850087610131,3.234700186920149,0.8649126470877141,2.88279473104916,3.8728635610683546,5.025304649344016,4.228193781249173,3.987154281134654,5.0236446609936865,7.211235289663826,6.5091260646880045,5.0515435337410475
2026-06-16,4446083.0,4.574862161091195,4.014522285098817,2.0961210166919577,3.060447432335835,5.68383194248372,5.842746971462317,3.695497060262956,2.6744698870965684,5.833662589212188,7.90719508501709,6.318036846647406,4.049246872383964
2026-07-01,4676724.0,4.959578991523797,5.31885093972965,2.732298243415348,4.447010450173831,5.242091796074503,6.1683536765410025,4.787079458876749,3.1441564252142484,6.0758260705462535,7.7184660688789855,5.310131420959814,3.7761509103804296
2026-07-16,5221180.5,5.216759230021484,5.26065637181153,3.5195748597712986,4.710574251876401,4.712833789676215,6.593403852906438,4.360568338139203,5.437146777654316,4.441307387455394,7.1823223132003635,5.60625734806699,4.595382115617152
2026-08-01,6129870.0,6.311800357251209,4.6779345893455515,4.072813075818339,6.055028410013971,6.008451119131108,6.7252604582309194,6.516100764530039,6.616101191616537,7.230088525940159,8.541497209362696,6.400010005878453,5.356524247744396
2026-08-16,3352272.0,3.188729792398041,2.634988545442112,1.463957370813462,2.3881317623550053,2.9657874476296735,3.590920970728126,2.854649802584588,3.7056536329616714,2.427594015920944,4.496377850127634,4.636075647567946,4.047858556762161
