State,County,Payam,HF_Boma_ID,Health Facility,Latitude,Longitude
Abyei Administrative Area,Abyei County,Abyei Payam,dcxxj6WsrYh,Abyei Civil Hospital,9.595000,28.436000
Abyei Administrative Area,Abyei County,Alal Payam,IN0Vq0USxQp,Agany Tok PHCU,9.527560,28.434350
Abyei Administrative Area,Abyei County,Mijak Payam,tfDT2osuSPL,Wunpeth PHCU,9.389950,28.552520
Abyei Administrative Area,Abyei County,Rumamer Payam,bAS6c9LONYj,Wunchuei PHCU,9.397544,28.674119
Central Equatoria State,Juba County,Dolo Payam,JZ7b9o5QLlr,Kuda PHCC,4.851120,31.585310
Central Equatoria State,Juba County,Juba Town Payam,DHKCr3lbyu7,El-Sabah Children Hospital,4.844289,31.606819
Central Equatoria State,Juba County,Juba Town Payam,OV9zi20DDXP,Juba Teaching Hospital,4.850948,31.608209
Central Equatoria State,Juba County,Kator Payam,tlZC0riVvzo,Kator PHCC,4.831080,31.596620
Central Equatoria State,Juba County,Kator Payam,yQGv7u2PPDd,Lologo PHCC,4.817290,31.595640
Central Equatoria State,Juba County,Kator Payam,k10XhHM14iG,Malakia PHCC,4.837630,31.603610
Central Equatoria State,Juba County,Lirya Payam,DOgXGTDa7d4,Lirya PHCC,4.385630,32.046420
Central Equatoria State,Juba County,Lirya Payam,AfJsSuUf82X,Ngangalla PHCU,4.706460,31.919630
Central Equatoria State,Juba County,Lobonok Payam,mCpjOQGtUTO,Lobonok PHCC,4.177060,31.372490
Central Equatoria State,Juba County,Lokiliri Payam,YIMRxUcJyyL,Aru Junction PHCU,4.363540,31.984600
Central Equatoria State,Juba County,Lokiliri Payam,bBF6av2MDIn,Kubi PHCU,4.390240,31.922670
Central Equatoria State,Juba County,Lokiliri Payam,zqcxljcTibn,Lokiliri PHCC,4.573630,31.936910
Central Equatoria State,Juba County,Mangala North Payam,fnBDtQbzVIm,Mangalla PHCC,5.196570,31.768720
Central Equatoria State,Juba County,Mangala South Payam,Tem2pOTBNb1,Mogiri/Jobur PHCC,4.888390,31.855320
Central Equatoria State,Juba County,Munuki Payam,JV2amC6D9tn,Hai Jebel PHCU,4.848152,31.580160
Central Equatoria State,Juba County,Munuki Payam,IhoOoKKhOqQ,Jondoki PHCC,4.9084869,31.5737357
Central Equatoria State,Juba County,Munuki Payam,v23VAVHSoHJ,Munuki PHCC,4.863480,31.579330
Central Equatoria State,Juba County,Munuki Payam,pUykfjdr0Ac,Nyakuron PHCC,4.846020,31.579080
Central Equatoria State,Juba County,Northern Bari Payam,mvKR8SXA6mN,Gurei PHCC,4.866670,31.518510
Central Equatoria State,Juba County,Rejaf Payam,IUVO2rS8Fx3,Gumbo PHCC,4.814900,31.622670
Central Equatoria State,Juba County,Rejaf Payam,g6TAjDzItzr,Khor Romula/Jenduru PHCU,4.793725,31.591965
Central Equatoria State,Juba County,Rejaf Payam,OztCKjhtpbS,Rajaf East PHCC,4.698510,31.293960
Central Equatoria State,Juba County,Rokon Payam,XqHcke830dw,Rokon PHCC,5.130370,30.941640
Central Equatoria State,Juba County,Wonduruba Payam,Kodq1BjHROl,Wonduruba PHCC,4.545720,33.003300
Central Equatoria State,Kajo-Keji County,Kangapo One Payam,Ed2klEVwkL9,Litoba PHCU,3.738447,31.683778
Central Equatoria State,Kajo-Keji County,Lire Payam,U8O9tmIaK8S,Mere PHCU,3.889520,31.672490
Central Equatoria State,Kajo-Keji County,Nyepo Payam,VAgxQpwNqVN,Kansuk PHCC,4.010940,31.535140
Central Equatoria State,Lainya County,Kenyi Payam,wwREoqUiHsj,Kenyi PHCU,4.206510,30.912980
Central Equatoria State,Lainya County,Kenyi Payam,lmTCXjmTgcX,Limbe PHCC,4.161060,30.860920
Central Equatoria State,Lainya County,Kupera Payam,MlWcdwDncIF,Jamara PHCC,4.047340,30.982370
Central Equatoria State,Lainya County,Lainya Payam,hNigjIwEfra,Lainya Hospital,4.340590,31.074420
Central Equatoria State,Lainya County,Lainya Payam,ImAhxEgkhRn,Logwili PHCU,4.370080,31.121160
Central Equatoria State,Lainya County,Wuji Payam,CL7iYl3LpsI,Wuji PHCC,3.840540,31.076760
Central Equatoria State,Morobo County,Gulumbi Payam,uzjysTMLSxl,Morobo PHCC,3.687840,30.775210
Central Equatoria State,Morobo County,Gulumbi Payam,VJ5sKaOM7Ds,Rodoba PHCU,3.600100,30.807230
Central Equatoria State,Morobo County,Kimba Payam,DXQKspr43kS,Kaya PHCC,3.541580,30.881630
Central Equatoria State,Terekeka County,Gameiza Payam,gE4lVt1HOmR,Gemeiza PHCU,5.680000,31.797800
Central Equatoria State,Terekeka County,Gameiza Payam,zFo1Uwwb6ts,Wanyang PHCU,5.382510,31.680270
Central Equatoria State,Terekeka County,Muni Payam,NSjrBgTIWMt,Muni PHCC,5.643970,31.720240
Central Equatoria State,Terekeka County,Nyori Payam,uO6YvF0bmBn,Kuda PHCU,5.142900,31.712500
Central Equatoria State,Terekeka County,Nyori Payam,yP9KpB9dTyN,Moridi PHCU,5.490090,31.617600
Central Equatoria State,Terekeka County,Reggo Payam,CG6wvlZeZbf,Kwornyang PHCU,5.543220,31.543020
Central Equatoria State,Terekeka County,Reggo Payam,EqKuYf8K5fC,Lengi PHCU,5.284600,31.421600
Central Equatoria State,Terekeka County,Reggo Payam,JUv4PT55G6X,Lojora PHCU,5.382180,31.680120
Central Equatoria State,Terekeka County,Rijong Payam,L1LIaYQH6at,Jonkok PHCU,5.291630,31.024930
Central Equatoria State,Terekeka County,Rijong Payam,XQUOo7Oe3Xr,Kowori PHCU,5.394070,31.109200
Central Equatoria State,Terekeka County,Rijong Payam,G0vtSs4R8uu,Rijong PHCC,5.393850,31.169220
Central Equatoria State,Terekeka County,Tali Payam,s7H0rE02EMi,Atiit PHCU,5.895660,30.771650
Central Equatoria State,Terekeka County,Tali Payam,AY7y5WxMBIj,Kirot nyumbo PHCU,5.609374,31.033016
Central Equatoria State,Terekeka County,Tali Payam,LxzBbFan1PY,Kiu/Kiyu PHCU,6.204790,30.600620
Central Equatoria State,Terekeka County,Tali Payam,Yhbq9nRwiex,Makido PHCU,5.962830,30.741170
Central Equatoria State,Terekeka County,Tali Payam,tONQ4mMpO42,Tali PHCC,5.897540,30.771690
Central Equatoria State,Terekeka County,Terekeka Payam,OtBqwUzgXPz,Terekeka County Hospital,5.438372,31.745791
Central Equatoria State,Terekeka County,Tindilo Payam,aHQSAzPxglo,Mundari Bura PHCC,5.672650,30.974580
Central Equatoria State,Terekeka County,Tindilo Payam,Yma0DAfZosc,Peri PHCU,5.603760,31.827940
Central Equatoria State,Terekeka County,Tombek Payam,Pa9PESwxaIS,Tombek PHCC,5.811260,31.684990
Central Equatoria State,Yei County,Lasu Payam,DBH1VdXTzdU,Pisak PHCU,4.150920,30.526110
Central Equatoria State,Yei County,Mugwo Payam,PbuzPPMcsje,Mugwo PHCC,3.889823,30.740110
Central Equatoria State,Yei County,Otogo Payam,vhwg3JbYcgj,Goja PHCU,4.006400,30.636310
Central Equatoria State,Yei County,Yei Town Payam,P9vWsjAlZD9,Martha PHCC,4.097428,30.667819
Central Equatoria State,Yei County,Yei Town Payam,beAmuTA2MrM,Minyori PHCU,4.125280,30.620050
Central Equatoria State,Yei County,Yei Town Payam,FiCv14AWWKo,St Bakhita PHCC,4.103195,30.632383
Central Equatoria State,Yei County,Yei Town Payam,gUA5oNiYY1P,Yei Civil Hospital,4.091330,30.675600
Eastern Equatoria State,Budi County,Kimotong Payam,Fl0ZidYFLEg,Kimotong PHCC,4.684900,33.263970
Eastern Equatoria State,Budi County,Komori Payam,i3zup3tchmp,Chukudum  Hospital,4.227970,33.486060
Eastern Equatoria State,Budi County,Komori Payam,crPcGgFFnVk,Komiri PHCC,4.227561,33.492839
Eastern Equatoria State,Budi County,Loriyok Payam,bR5RhAYLIH5,FRAK-SIKA PHCU,4.382660,33.348680
Eastern Equatoria State,Budi County,Loriyok Payam,GuzpyLAP434,Loriyok PHCU,4.519210,33.323090
Eastern Equatoria State,Budi County,Lotukei Payam,rzbxRwvKymW,Kikilai PHCC,4.133180,33.602200
Eastern Equatoria State,Budi County,Lotukei Payam,nJdHDRZr8to,Lorema PHCC,4.160630,33.660690
Eastern Equatoria State,Budi County,Lotukei Payam,KNI7sz29X43,Piobokoi PHCU,4.084980,33.758890
Eastern Equatoria State,Budi County,Loudo Payam,BiM4c5SpOi6,Kapeta PHCU,4.309200,33.642480
Eastern Equatoria State,Budi County,Loudo Payam,E4cZHPJq3OM,Ngatuba PHCU,4.256730,33.699160
Eastern Equatoria State,Budi County,Nagishot Payam,w6jEkgBiMw6,Nagishot PHCC,4.267340,33.566330
Eastern Equatoria State,Budi County,Napak Payam,EYpNycp96cd,Chawa PHCU,4.733380,33.244010
Eastern Equatoria State,Budi County,Ngauro Payam,ku6p2NtYBVz,Kibongorok PHCU,4.402110,33.521780
Eastern Equatoria State,Budi County,Ngauro Payam,vknLbpsFuKA,Ngauro PHCC,4.228420,33.484900
Eastern Equatoria State,Budi County,Ngauro Payam,DnAzm6we1iK,Tulugi PHCU,4.350170,33.625210
Eastern Equatoria State,Ikotos County,Hatire Payam,BaOTshCMzLO,Hatire PHCC,4.033623,32.823727
Eastern Equatoria State,Ikotos County,Hatire Payam,b7PJjOtc5TZ,Imila PHCU,4.167424,32.865797
Eastern Equatoria State,Ikotos County,Ikotos Payam,oB2R4HNEPXE,Ikwoto PHCC,4.079700,33.098580
Eastern Equatoria State,Ikotos County,Ikotos Payam,Sp21H8FAGzu,Tseretenya PHCU,3.831680,33.220040
Eastern Equatoria State,Ikotos County,Imotong Payam,IM399bqfx1t,Imotong PHCC,4.171020,32.841800
Eastern Equatoria State,Ikotos County,Imotong Payam,weACGEMugGT,Ngaluma PHCU,3.979880,33.066970
Eastern Equatoria State,Ikotos County,Lomohidang North Payam,Mb8oG5JCCCf,Chahare PHCU,4.289590,33.144470
Eastern Equatoria State,Ikotos County,Lomohidang North Payam,u5ZuL45eQdM,St Theresa Isohe Mission Hospital,4.240250,33.075530
Eastern Equatoria State,Ikotos County,Lomohidang South Payam,nR7pxRpvLAh,Lodurumo PHCU,4.237011,33.172844
Eastern Equatoria State,Ikotos County,Lomohidang South Payam,pcCmjhp7LB1,Lodwara PHCU,4.194230,33.206130
Eastern Equatoria State,Ikotos County,Lomohidang South Payam,mK81VJYa4fu,Okorohore PHCU,4.157180,33.169640
Eastern Equatoria State,Ikotos County,Losite Payam,ppp5asdsqtC,Biira PHCC,3.833130,33.582090
Eastern Equatoria State,Ikotos County,Losite Payam,Dt17DuPliyN,Lofus PHCU,3.804080,33.434350
Eastern Equatoria State,Kapoeta East County,Katodori Payam,J3IEGCOyxVH,Lowoyakali PHCU,4.678190,33.815870
Eastern Equatoria State,Kapoeta East County,Katodori Payam,tVTsvzm6dSB,NAPOTPOT (Loburi) PHCU,4.626650,33.899110
Eastern Equatoria State,Kapoeta East County,Kauto Payam,eTgFrzpPEyx,Kuron PHCC,5.704880,34.565040
Eastern Equatoria State,Kapoeta East County,Kauto Payam,oRs4ZgmqXJp,NAMORUPUS PHCU,5.470830,34.647010
Eastern Equatoria State,Kapoeta East County,Lotimor Payam,i9FEURIsw87,LOTIMOR PHCU,5.310038,35.074905
Eastern Equatoria State,Kapoeta East County,Mogos Payam,lfHgzyumCAG,Mogos PHCC,5.124770,33.790600
Eastern Equatoria State,Kapoeta East County,Mogos Payam,fiMuSPDeCKP,Nasigigriate PHCU,4.975250,33.699080
Eastern Equatoria State,Kapoeta East County,Narus Payam,bNyekr4BEHr,Loolim PHCU,4.587880,34.044960
Eastern Equatoria State,Kapoeta East County,Narus Payam,L01ySzJuCvR,Nadapal PHCU,4.448731,34.184503
Eastern Equatoria State,Kapoeta East County,Narus Payam,QjUEAAeYFew,Narus CDoT PHCC,4.504780,34.170140
Eastern Equatoria State,Kapoeta East County,Narus Payam,VQOmGKq1wh1,Narus PHCC,4.503380,34.161790
Eastern Equatoria State,Kapoeta East County,Natinga Payam,izweOJT2h5i,New Site Wodran PHCC,4.250420,34.001540
Eastern Equatoria State,Kapoeta North County,Chumakori Payam,toW9AZ8yj70,Chumakori PHCU,4.913330,33.558490
Eastern Equatoria State,Kapoeta North County,Karukomuge Payam,MzztF94mDIt,Kibak PHCU,4.995578,33.579274
Eastern Equatoria State,Kapoeta North County,Karukomuge Payam,UQUciONr4OR,Lokoges PHCU,5.049000,33.304900
Eastern Equatoria State,Kapoeta North County,Karukomuge Payam,fUIGMnSDxZz,Naakwa PHCC,5.067150,33.553460
Eastern Equatoria State,Kapoeta North County,Lomeyen Payam,Bs37IJ3170C,Lomeyen PHCU,4.907650,33.451010
Eastern Equatoria State,Kapoeta North County,Mosingo Payam,KOxnStgd7mw,Mossingo PHCU,5.267482,33.771244
Eastern Equatoria State,Kapoeta North County,Najie Payam,IV4ktvku6CW,Nangoletirae PHCU,4.895880,33.495770
Eastern Equatoria State,Kapoeta North County,Najie Payam,Cx4FItlS5fY,Riwoto PHCC,4.882170,33.505840
Eastern Equatoria State,Kapoeta North County,Paringa Payam,aEdwAOEOUWW,Choroi PHCU,4.887190,33.600920
Eastern Equatoria State,Kapoeta North County,Paringa Payam,fE97HbakOEi,PARINGA PHCU,4.847840,33.563270
Eastern Equatoria State,Kapoeta South County,Kapoeta Town Payam,oV5sT7FVaVx,Kapoeta Civil Hospital,4.772390,33.591560
Eastern Equatoria State,Kapoeta South County,Longeleya Payam,E5DmJjUiPW2,Longeleya PHCU,4.701444,33.633778
Eastern Equatoria State,Kapoeta South County,Machi I Payam,kY6W0bzF36o,Nachilagur PHCU,4.753600,33.605800
Eastern Equatoria State,Kapoeta South County,Machi II Payam,VmQciys5ZVG,Nakware PHCU,4.774000,33.500417
Eastern Equatoria State,Kapoeta South County,Pwata Payam,WtCTR1fJFVn,Nak Nak PHCU,4.753361,33.662867
Eastern Equatoria State,Kapoeta South County,Pwata Payam,ntGMMLG0CMq,Napetait PHCC,4.625861,33.656833
Eastern Equatoria State,Lafon County,Arihilo Payam,Ah7N6pGZmZW,Imedu PHCU,4.913181,32.677192
Eastern Equatoria State,Lafon County,Arihilo Payam,WPYc8f7zTyq,Lacharok PHCU,4.866970,32.701850
Eastern Equatoria State,Lafon County,Arihilo Payam,sRnlrEG3rIq,Logonowati PHCU,4.841370,32.690880
Eastern Equatoria State,Lafon County,Burgilo Payam,sx9Lt0bSKqr,Lafon PHCC,5.030390,32.476115
Eastern Equatoria State,Lafon County,Imehejek Payam,ccoacZ7JsEb,Imehejek Hospital,4.781750,32.761490
Eastern Equatoria State,Lafon County,Lohutok Payam,SrKWFQxqCh8,AIC Lohutok PHCC,4.642398,32.856220
Eastern Equatoria State,Lafon County,Lohutok Payam,nKg4bhRJsDQ,Ibonni PHCU,4.661957,32.796646
Eastern Equatoria State,Lafon County,Lohutok Payam,yItOo3Uqz5h,Lalanga PHCU,4.590910,32.903350
Eastern Equatoria State,Lafon County,Longiro Payam,nqCNcInxecf,Bule PHCU,4.901303,32.618125
Eastern Equatoria State,Lafon County,Longiro Payam,UwK3acKsTh2,Haba PHCU,4.837810,32.622030
Eastern Equatoria State,Lafon County,Longiro Payam,bqzb4FGeoVN,Idali PHCU,4.703950,32.683260
Eastern Equatoria State,Lafon County,Longiro Payam,Ckqhne6EQbK,Longiro PHCU,4.788930,32.627800
Eastern Equatoria State,Lafon County,Marguna Payam,dJPEMzp2QT3,Ukwanya PHCU,5.094514,32.480869
Eastern Equatoria State,Lafon County,Pacidi Payam,b5UM6UTrYDc,Pachidi/Lwala PHCU,4.805680,32.476570
Eastern Equatoria State,Lafon County,Pacidi Payam,d1RWBUx3SbD,Upuo PHCU,4.786060,32.432230
Eastern Equatoria State,Magwi County,Lobone Payam,x7BCshAZvzd,Kicenga PHCC,3.877638,32.626849
Eastern Equatoria State,Magwi County,Lobone Payam,Eah2o9L9xLF,Lobone PHCC,3.797890,32.761340
Eastern Equatoria State,Magwi County,Lobone Payam,N2O4a2MhUZA,Palwar PHCU,3.917500,32.598030
Eastern Equatoria State,Magwi County,Magwi Payam,ItenF1aBAZP,Abara PHCC,4.082614,32.178892
Eastern Equatoria State,Magwi County,Magwi Payam,H5ymexi3gjf,Magwi PHCC,4.135660,32.300880
Eastern Equatoria State,Magwi County,Magwi Payam,cWRCswspNvk,Obbo PHCC,4.044570,32.424190
Eastern Equatoria State,Magwi County,Magwi Payam,XjmFWVLMWVk,Omeo PHCU,4.209870,32.247690
Eastern Equatoria State,Magwi County,Magwi Payam,in75g93kOun,OWINYKIBUL PHCU,3.841110,32.265690
Eastern Equatoria State,Magwi County,Magwi Payam,ftFknBejxCt,Palotaka PHCU,4.022950,32.471980
Eastern Equatoria State,Magwi County,Mugali Payam,KOz5zP6qkMf,Mugali PHCC,3.566460,32.197210
Eastern Equatoria State,Magwi County,Nimule Payam,kXHxoSUMNSY,Nimule CDOT PHCC,3.585030,32.086160
Eastern Equatoria State,Magwi County,Nimule Payam,dTANcKLxstU,Nimule Hospital,3.600290,32.056740
Eastern Equatoria State,Magwi County,Pageri Payam,zmEkkIh73Mg,Opari PHCC,3.923380,32.067510
Eastern Equatoria State,Magwi County,Pajok Payam,lSg8THL26vT,Pajok PHCC,3.859947,32.483670
Eastern Equatoria State,Magwi County,Pajok Payam,qHccRhwWAhP,Pogee PHCU,3.766720,32.518800
Eastern Equatoria State,Torit County,Bur Payam,ELVBQ0n5AA1,Bur Mutaram PHCU,4.525910,32.494060
Eastern Equatoria State,Torit County,Bur Payam,lhCCODDA7LQ,Oronyo PHCC,4.571740,32.727840
Eastern Equatoria State,Torit County,Himodonge Payam,XAgzWsaetiB,Hilieu PHCC,4.322010,32.646140
Eastern Equatoria State,Torit County,Hiyala Payam,sp3Sl7MVAFd,Hiyala PHCC,4.464230,32.864890
Eastern Equatoria State,Torit County,Hiyala Payam,Jgsi6GI3NKG,Mura Hatiha PHCU,4.510260,32.784440
Eastern Equatoria State,Torit County,Hiyala Payam,Je8eezh1lbq,Oguruny PHCU,4.395870,32.903190
Eastern Equatoria State,Torit County,Imurok Payam,vLqRoVWutHH,Imurok PHCU,4.315230,32.432450
Eastern Equatoria State,Torit County,Kudo Payam,BQLNrxHvmTI,Kudo PHCC,4.548530,32.227760
Eastern Equatoria State,Torit County,Kudo Payam,v1fwJBDZGFZ,Lowoi PHCC,4.489930,32.167640
Eastern Equatoria State,Torit County,Nyong Payam,mnWwp7zFWy4,Nyong PHCC,4.412822,32.570753
Eastern Equatoria State,Torit County,Nyong Payam,SC2ch4Wxfq3,Torit State Hospital,4.406290,32.576040
Jonglei State,Akobo County,Barmach Payam,MeNDM6EMzR1,Yidit PHCU,8.217600,32.266430
Jonglei State,Akobo County,Bilkey Payam,Wx8ppq2BBa0,Akobo Hospital,7.799040,33.010150
Jonglei State,Akobo County,Dengjok Payam,Dt97oqHZioJ,Nukta Thoklial PHCC,7.877760,32.998340
Jonglei State,Akobo County,Dengjok Payam,PMWkm3Lp0tG,Thokwath PHCU,7.941850,32.996630
Jonglei State,Akobo County,Diror Payam,usv3OSUl8K1,Diror PHCU,8.116230,32.332270
Jonglei State,Akobo County,Diror Payam,CKrlfIRf7S0,Tangnyang PHCU,8.107970,32.290560
Jonglei State,Akobo County,Nyandit Payam,BFUopdmj3O3,Burmath PHCU,7.639630,33.160490
Jonglei State,Akobo County,Walgak Payam,OmcZNdg3rzT,Kaikuiny PHCC,8.092680,32.385700
Jonglei State,Akobo County,Walgak Payam,CCzq532FzNy,Walgak PHCC,8.160750,32.238650
Jonglei State,Ayod County,Ayod Payam,m5y6WD8Tfbo,Ayod PHCC,8.121990,31.413760
Jonglei State,Ayod County,Kuach-deng Payam,o8rfCX76JY8,Kuachdeng PHCU,8.422222,31.463889
Jonglei State,Ayod County,Kurwai Payam,xBDvxV51rtO,Haat PHCU,8.516480,30.633360
Jonglei State,Ayod County,Mogok Payam,HG7ikzCRcQD,Mogok PHCC,8.402980,31.334910
Jonglei State,Ayod County,Mogok Payam,IipPtVuuu2V,Panyang PHCU,8.432260,31.346670
Jonglei State,Ayod County,Pagil Payam,uZtTPKVVk3I,Manime PHCC,8.611220,30.718970
Jonglei State,Ayod County,Pagil Payam,RbNefjY7CO8,Normanyang PHCU,8.767561,31.054431
Jonglei State,Ayod County,Pagil Payam,mSAZP91HScC,Pagil PHCC,8.708050,31.266110
Jonglei State,Ayod County,Pajiek Payam,oRGmGEPOblN,Canal PHCC,8.138400,31.191900
Jonglei State,Ayod County,Pajiek Payam,qddFWAT2qvQ,Keer PHCU,7.714880,30.640070
Jonglei State,Ayod County,Pajiek Payam,CJF2Ms1fYWD,Tuok PHCU,8.489970,30.681000
Jonglei State,Ayod County,Wau Payam,SF1iZzZ7qSY,Paguong PHCC,8.164300,31.139080
Jonglei State,Ayod County,Wau Payam,F1vLCeN1PtI,Wau PHCC,8.275000,31.422222
Jonglei State,Ayod County,Wau Payam,MseHO6OMtAk,Wunkuel PHCU,8.264430,31.362640
Jonglei State,Bor South County,Anyidi Payam,z2eqxz7PLcm,Anyidi PHCC,6.193800,31.564730
Jonglei State,Bor South County,Anyidi Payam,EAdJBe9ejHT,Mareng PHCU,6.202771,31.713870
Jonglei State,Bor South County,Baidit Payam,qxcEdRi9g1s,Makol-Cuei PHCU,6.378693,31.649276
Jonglei State,Bor South County,Baidit Payam,uRa2CIseBt3,Mathiang PHCU,6.495460,31.535320
Jonglei State,Bor South County,Baidit Payam,rYzlr4l5x7F,Tong PHCU,6.400550,31.568700
Jonglei State,Bor South County,Bor Payam,wesFmwsG9OY,Bor State Hospital,6.207802,31.555724
Jonglei State,Bor South County,Bor Payam,zLWdh1E4LWZ,Malou PHCU,6.228800,31.558610
Jonglei State,Bor South County,Jalle Payam,mitMl2MBmQ5,Akuai Deng PHCU,6.563930,31.530100
Jonglei State,Bor South County,Jalle Payam,esj324SvCIa,Jalle PHCC,6.671890,31.484210
Jonglei State,Bor South County,Jalle Payam,psqdrqau2s2,Kolmerak PHCU,6.619470,31.517210
Jonglei State,Bor South County,Kolnyang Payam,VfhRFbcBr9g,Kolnyang PHCC,6.125380,31.580810
Jonglei State,Bor South County,Kolnyang Payam,DLehMA62jkM,Malek PHCU,6.067750,31.605400
Jonglei State,Bor South County,Kolnyang Payam,VxCdwwGXdI8,Pariak PHCC,5.971250,31.660480
Jonglei State,Bor South County,Makuach Payam,W9ZSCwpBL6Q,Gakyuom PHCU,6.235240,31.570960
Jonglei State,Bor South County,Makuach Payam,jEPSk679Mh6,Lualdit PHCU,6.236410,31.610480
Jonglei State,Bor South County,Makuach Payam,BzSRYzMijb6,Palabach PHCU,6.282500,31.566830
Jonglei State,Duk County,Ageer Payam,zy2JXWRgzxb,Patuenoi PHCU,7.305775,31.285206
Jonglei State,Duk County,Ageer Payam,Kytm6e0bufQ,Poktap PHCC,7.455820,31.409120
Jonglei State,Duk County,Dongchak Payam,AR8cfTXbzaO,Amiel PHCU,7.697500,31.278880
Jonglei State,Duk County,Padiet Payam,OoRdti95mUa,Ayueldit PHCU,7.724160,31.330270
Jonglei State,Duk County,Padiet Payam,NHdlDlwaGrW,Dorok PHCU,7.758050,31.299720
Jonglei State,Duk County,Padiet Payam,ljwF7v1WYNv,Koyom Island PHCU,7.262800,30.473000
Jonglei State,Duk County,Panyang Payam,irkSUtUX8iG,Pajut Kurgai PHCC,7.747410,31.687970
Jonglei State,Duk County,Panyang Payam,yBP79xC2upt,Patuet PHCU,7.849040,31.695800
Jonglei State,Duk County,Payuel Payam,wSm8D2FGwtr,Duk Lost Boy Hospital,7.481110,31.516380
Jonglei State,Fangak County,Manajang Payam,FOlQkO84SPy,Juaibor PHCC,9.401320,30.670210
Jonglei State,Fangak County,Manajang Payam,dBSla4R7qXb,Kuemduok PHCU,9.210020,30.944830
Jonglei State,Fangak County,Manajang Payam,NFdLaRvJKIn,Kuernyang PHCC,9.319800,30.885260
Jonglei State,Fangak County,Manajang Payam,rnYfOcBgf40,Mandeng PHCU,9.386750,30.837750
Jonglei State,Fangak County,Mareang Payam,vDprIk9Iu9w,New Fangak Hospital,9.067823,30.881618
Jonglei State,Fangak County,Mareang Payam,AwU5hPjjbg2,Nyadin PHCC,8.798680,30.667790
Jonglei State,Fangak County,Paguer Payam,GkJfHmBujAp,Koat Nyakong PHCU,9.438600,31.053950
Jonglei State,Fangak County,Paguer Payam,aiA6nEV2gIY,Kuerphon PHCU,9.616000,30.686200
Jonglei State,Fangak County,Paguer Payam,mKCGy8C98V6,Paguir PHCU,9.106770,30.758830
Jonglei State,Fangak County,Paguer Payam,VLpL4GtI6hb,Pulita PHCU,9.223262,30.660127
Jonglei State,Fangak County,Phom Payam,Bmkq76MEp4z,Keew PHCC,9.262980,30.634980
Jonglei State,Fangak County,Phom Payam,GgYDV5fCCLz,Pakaan PHCC,9.386060,31.109430
Jonglei State,Nyirol County,Chuil Payam,StlCAld91dJ,Chuil PHCC,8.571660,32.076660
Jonglei State,Nyirol County,Nyambor Payam,NlNy6WkCkvO,Riang PHCU,8.488860,31.833494
Jonglei State,Nyirol County,Pading Payam,e69RcQe5oYU,Pading PHCU,8.433330,31.800000
Jonglei State,Nyirol County,Pading Payam,yr8nLkZF13H,Wenyal PHCU,7.991660,32.416660
Jonglei State,Nyirol County,Thol Payam,zoRWCPvvAql,Bariak PHCU,8.197830,32.150928
Jonglei State,Nyirol County,Thol Payam,GC06O53ff4S,Pokbor PHCU,7.991660,32.527770
Jonglei State,Nyirol County,Thol Payam,l6BLSZtpJQA,Pultruk PHCC,8.594660,31.948660
Jonglei State,Nyirol County,Thol Payam,j4Jr13AaCwB,Tut Majok PHCU,7.850560,31.696660
Jonglei State,Nyirol County,Waat Payam,Y60V7ZLdPZd,Waat PHCC,8.197250,32.150000
Jonglei State,Pigi County,Atar Payam,XcDJI5wUv8X,Diel PHCU,9.374180,31.302780
Jonglei State,Pigi County,Atar Payam,Tu7Uu6UhGFE,Khorfulus PHCC,9.314760,31.579980
Jonglei State,Pigi County,Khorwac Payam,y5UEMRBtdHt,Khorwac PHCC,7.621252,30.370747
Jonglei State,Pigi County,Khorwac Payam,cM1tRbPp9PX,Kolanyang PHCU,9.337310,31.107250
Jonglei State,Pigi County,Khorwac Payam,dkKaUTlbv2f,Patai PHCU,8.072230,31.834960
Jonglei State,Pigi County,Mareng Payam,wLrEFZktgIJ,Canal PHCC,9.215056,31.325860
Jonglei State,Twic East County,Ajuong Payam,wPjb9k2q7ce,Palieu PHCC,6.960010,31.378470
Jonglei State,Twic East County,Kongor Payam,Scmg0SG9fB0,Kongor PHCC,7.156250,31.355350
Jonglei State,Twic East County,Kongor Payam,bVvmI1lu9JF,Panyagor County Hospital,7.166440,31.407630
Jonglei State,Twic East County,Lith Payam,abRBI8F8a3d,Khiir PHCU,7.341670,31.411390
Jonglei State,Twic East County,Nyuak Payam,BR9HrEinhkO,Wangulei PHCU,7.888240,31.375120
Jonglei State,Twic East County,Pakeer Payam,MKe4Dklgfll,Maar PHCC,6.888240,31.375140
Jonglei State,Twic East County,Pakeer Payam,xWJOQfOE2JE,Patiou PHCC,6.775550,31.408060
Jonglei State,Uror County,Motot Payam,hGj7HPGthxf,Pathai PHCU,7.926507,31.907487
Jonglei State,Uror County,Pathai Payam,ldl0I3pGbaH,Modit PHCU,7.989670,31.878360
Jonglei State,Uror County,Pathai Payam,fKcHMpJHmat,Payai PHCU,7.985400,31.959530
Jonglei State,Uror County,Payai Payam,DmuRhK9sGTb,Yuai PHCC,7.905070,31.891120
Jonglei State,Uror County,Puolchuol Payam,GdzmAPt4AIg,Pulchol PHCC,8.112360,31.961650
Lakes State,Awerial County,Abuyung Payam,y13EQSM0aFS,Abuyung PHCU,6.354580,31.127890
Lakes State,Awerial County,Bunangok Payam,goSJRXs3Sos,Bunagok PHCC,6.213470,30.995410
Lakes State,Awerial County,Dor Payam,oX5NCqRnce6,Awerial PHCU,6.128161,31.170486
Lakes State,Awerial County,Dor Payam,cRqbykE2lKt,Dor PHCU,6.050650,31.286180
Lakes State,Awerial County,Puluk Payam,UM0b6bZFTww,Kalthok PHCU,5.880311,31.520667
Lakes State,Awerial County,Puluk Payam,VszNPo1dWz1,Minkaman PHCC,6.056303,31.512286
Lakes State,Cueibet County,Abiriu Payam,X1KzCfAWQy4,Abiriu PHCC,6.939310,29.423910
Lakes State,Cueibet County,Citcok Payam,upnocuYN7Ri,Chitchok PHCC,7.194868,29.222009
Lakes State,Cueibet County,Duony Payam,wG6sWUBxZUj,Duony PHCU,6.968160,29.371740
Lakes State,Cueibet County,Duony Payam,IbhJS9sS1pr,Mayath PHCU,6.990320,29.328760
Lakes State,Cueibet County,Malou Pec Payam,AWKbfRNMd4O,Cueibet County Hospital,7.013111,29.241811
Lakes State,Cueibet County,Malou Pec Payam,vGjvyhjPFGM,Langdit PHCU,7.059000,29.090000
Lakes State,Cueibet County,Malou Pec Payam,W4e6ppZy8yB,Malou Pec PHCC,7.110418,29.029535
Lakes State,Cueibet County,Ngap Payam,LtsZMr1lUW7,Mayen Thon PHCU,6.971540,29.221830
Lakes State,Cueibet County,Pagor Payam,EYexXzGX5ME,Pagor PHCU,7.209278,29.034544
Lakes State,Cueibet County,Pagor Payam,jILKXi7hBpZ,Tiap Tiap PHCU,7.325156,29.324202
Lakes State,Rumbek Centre County,Amongpiny Payam,eGrd3opekNj,Amongpiny PHCC,7.035389,30.073722
Lakes State,Rumbek Centre County,Jiir Payam,m8itCpQwtBg,Akoljal PHCU,6.798819,29.827431
Lakes State,Rumbek Centre County,Matangai Payam,l5euzqv2dq5,Coloc-Cok PHCU,6.760470,29.542060
Lakes State,Rumbek Centre County,Matangai Payam,Y6s2kwEy1vd,Matangai PHCC,6.847714,29.616747
Lakes State,Rumbek Centre County,Matangai Payam,wxsg6mv3i1t,Mathiangdhiei PHCU,6.777697,29.643856
Lakes State,Rumbek Centre County,Matangai Payam,NyLpqSCzTyJ,Nyang Koot PHCU,6.870410,29.671450
Lakes State,Rumbek Centre County,Mayom Payam,aTFgNTC8H3Z,Bal-Wau PHCU,6.741952,29.503210
Lakes State,Rumbek Centre County,Mayom Payam,KGzIowWEIhd,Bar-Chol PHCU,6.884280,29.542050
Lakes State,Rumbek Centre County,Rumbek Town Payam,TOdkTsJY3h6,Kiir Mayardit Woman Hospital,6.800639,29.671694
Lakes State,Rumbek Centre County,Rumbek Town Payam,IgU40jS7nRT,Malual Bab PHCC,6.800170,29.675440
Lakes State,Rumbek Centre County,Rumbek Town Payam,yybRADmUXTh,Rumbek State Hospital,6.810214,29.678024
Lakes State,Rumbek East County,Aduel Payam,vNJA1Q4M3D0,Aduel PHCC,6.629494,29.897931
Lakes State,Rumbek East County,Aduel Payam,FApiPaNLjot,Dhiau-Kuei PHCU,6.560308,29.838606
Lakes State,Rumbek East County,Aduel Payam,VbOJgeWh2Qo,Mabor Duang PHCC,6.518030,29.839220
Lakes State,Rumbek East County,Aduel Payam,Q5Q2j2jHeuF,Manai PHCU,6.491953,29.835431
Lakes State,Rumbek East County,Akot Payam,iZnD567dPan,Akot PHCC,6.553600,30.037817
Lakes State,Rumbek East County,Atiaba Payam,FwXpi6BIcjz,Atiaba PHCU,6.573940,29.962680
Lakes State,Rumbek East County,Atiaba Payam,qEMCcv0xgue,Maboric PHCU,6.504820,29.874850
Lakes State,Rumbek East County,Cueicok Payam,bzbBqVX2Y42,Cueicok PHCC,6.725450,29.745460
Lakes State,Rumbek East County,Mathiang-kok Payam,a15QS0YoKwq,Amer PHCU,6.631736,29.769672
Lakes State,Rumbek East County,Mathiang-kok Payam,r8K8RaVF0ER,Malou PHCU,6.624911,29.744347
Lakes State,Rumbek East County,Pachong Payam,TngmK03xodH,Pacong PHCC,6.692740,29.789070
Lakes State,Rumbek East County,Pachong Payam,XdqI21TijU2,Panawac PHCU,6.675850,29.813630
Lakes State,Rumbek East County,Paloch Payam,xTNTQhGKQSK,Paloc PHCC,6.767230,30.102660
Lakes State,Rumbek North County,Malueeth Payam,PXvritJTEIh,Malueth PHCU,7.656811,29.648806
Lakes State,Rumbek North County,Maper Payam,DSPZfs6w9Ag,Maper Centre Hospital,7.647750,29.670000
Lakes State,Rumbek North County,Mayen Payam,n6aSH7gtgoh,Amok PHCU,7.564997,29.689400
Lakes State,Rumbek North County,Mayen Payam,jOwA0ncRct3,Mayen PHCU,7.487550,29.663972
Lakes State,Wulu County,Bargel Payam,cMp8TnoWmN8,Bahr Gel PHCU,6.720772,29.155027
Lakes State,Wulu County,Bargel Payam,NlhMUHc5xmu,Makor PHCU,6.600477,29.309978
Lakes State,Wulu County,Domoloto Payam,OBp5taHJNpN,Deteku PHCU,6.134640,29.478850
Lakes State,Wulu County,Domoloto Payam,Cy12agmhemg,Wako PHCU,6.093820,29.767990
Lakes State,Wulu County,Makundi Payam,zCQvhqiTJXt,Laam PHCU,6.329761,29.914550
Lakes State,Wulu County,Wulu Payam,F0719xkigHT,Tonjo PHCU,6.332184,29.726893
Lakes State,Wulu County,Wulu Payam,kXKsbxxXkgm,Wulu PHCC,6.508636,29.627166
Lakes State,Yirol East County,Adior Payam,KMzkuJjXEZM,Adior PHCC,6.780630,30.721610
Lakes State,Yirol East County,Lekakedu Payam,P8IHkhEZMbh,Acigor PHCU,6.711160,30.496470
Lakes State,Yirol East County,Lekakedu Payam,L0Co4qnORlK,Lekakedu PHCU,6.677160,30.586440
Lakes State,Yirol East County,Malek Payam (Yirol E),mUdOVavWeMp,Malek PHCC,6.721100,30.796340
Lakes State,Yirol East County,Pagarau Payam,Iuht1D8s7kr,Nyang PHCC,6.707940,30.605540
Lakes State,Yirol East County,Pagarau Payam,OknWQSewYCP,Pagarau PHCC,6.740650,30.408290
Lakes State,Yirol East County,Yali Payam,cOIn2qPimik,KAP PHCU,6.715860,30.446430
Lakes State,Yirol East County,Yali Payam,oJQWk0p0fyP,Thonabutkok PHCU,6.678890,30.415900
Lakes State,Yirol West County,Abang Payam,xWAo3DDG6xY,Aruau PHCU,6.655810,30.628610
Lakes State,Yirol West County,Abang Payam,NFOC4bU0Mhu,Betoi PHCU,6.637830,30.688490
Lakes State,Yirol West County,Abang Payam,vbJFIPIt7JC,Pankar PHCU,6.577650,30.478340
Lakes State,Yirol West County,Abang Payam,VmPnvY9k6lB,Yirol County Hospital,6.553310,30.501720
Lakes State,Yirol West County,Aluakluak Payam,vP85vJUqiFZ,Agany PHCU,6.436590,30.054860
Lakes State,Yirol West County,Aluakluak Payam,MB3iWYWO1L5,Aluak Luak PHCC,6.468200,30.105100
Lakes State,Yirol West County,Anuol Payam,kvQGL82nqaY,Anuol PHCC,6.258130,30.382680
Lakes State,Yirol West County,Anuol Payam,e9qMrxhD3cQ,Mangang PHCU,6.321610,30.322440
Lakes State,Yirol West County,Geng-geng Payam,BpZn0q2Vu4G,Pabur PHCU,6.432610,30.598990
Lakes State,Yirol West County,Gher Payam,xvwUTq5YnkU,Pandit PHCU,6.594160,30.150390
Lakes State,Yirol West County,Mapuordit Payam,NFLWpUIkRuv,Wouwou PHCU,6.549870,30.496300
Northern Bahr El Ghazal State,Aweil Centre County,Aroyo Payam,t3h4yQ5Jgzr,Aroyo DTC PHCC,8.403320,26.512590
Northern Bahr El Ghazal State,Aweil Centre County,Awada Payam,RWACVPLCmWz,Awada PHCC,8.068610,26.839100
Northern Bahr El Ghazal State,Aweil Centre County,Aweil Town Payam,Ofi0Czhbc2D,Aweil Civil Hospital,8.768444,27.398381
Northern Bahr El Ghazal State,Aweil Centre County,Bar Mayen Payam,oipRfLR61sJ,Bar Mayen PHCC,8.214940,27.364560
Northern Bahr El Ghazal State,Aweil Centre County,Chel South Payam,siUTqJda7jP,Mabok Akot PHCU,8.894972,26.894972
Northern Bahr El Ghazal State,Aweil Centre County,Nyalath Payam,dhF0zQRQ05S,Gabat PHCC,8.759489,27.385069
Northern Bahr El Ghazal State,Aweil East County,Akon North Payam (Aweil E),CaytGdd0MtJ,Peth PHCU,8.964470,27.797250
Northern Bahr El Ghazal State,Aweil East County,Baach Payam,atHio2fziI3,Bakou PHCU,9.437410,27.716810
Northern Bahr El Ghazal State,Aweil East County,Baach Payam,Z3Qy7YoybYO,Goldhim TB Hospital,9.232050,27.666890
Northern Bahr El Ghazal State,Aweil East County,Baach Payam,jdDuGLYGhYh,Malualkon County Hospital,9.013590,27.624809
Northern Bahr El Ghazal State,Aweil East County,Baach Payam,NhWxARW0Oau,Omdurman PHCC,9.234350,27.511990
Northern Bahr El Ghazal State,Aweil East County,Baach Payam,lTQza3XMdJv,Rumaker PHCU,9.150000,27.590000
Northern Bahr El Ghazal State,Aweil East County,Baach Payam,j0FRIjq3PQe,Warawar PHCU,9.016810,27.626780
Northern Bahr El Ghazal State,Aweil East County,Madhol Payam,NfcwAwnhjaO,Mabok Tong PHCU,9.479680,27.771067
Northern Bahr El Ghazal State,Aweil East County,Madhol Payam,KaY5tH0xlny,Madhol PHCU,9.038720,27.702980
Northern Bahr El Ghazal State,Aweil East County,Malual Bai Payam,JqDVHKZwSci,Amethgolduang PHCU,9.085580,27.897150
Northern Bahr El Ghazal State,Aweil East County,Malual Bai Payam,RYIYJHp5w2j,Lieth PHCC,9.247280,27.783610
Northern Bahr El Ghazal State,Aweil East County,Malual Bai Payam,z7WfhLAgOr0,Majok Yith Thiou PHCU,9.514741,27.246706
Northern Bahr El Ghazal State,Aweil East County,Malual Bai Payam,Nwd0jU6D2ms,Malual Baai PHCC,9.059250,27.759880
Northern Bahr El Ghazal State,Aweil East County,Mangar Tong Payam,kQWe91yMjsl,Mangar Tong PHCU,9.074190,27.548580
Northern Bahr El Ghazal State,Aweil East County,Mangar Tong Payam,WJCqaRSu5UW,Rumwet Kor PHCU,9.281400,27.585340
Northern Bahr El Ghazal State,Aweil East County,Mangar Tong Payam,WMmYu7OobSk,Tit Chok PHCC,8.858620,27.539770
Northern Bahr El Ghazal State,Aweil East County,Mangar Tong Payam,lF98KiI8hMB,Wonyjok PHCC,9.230833,27.732000
Northern Bahr El Ghazal State,Aweil East County,Mangok Payam,AO36UJ84Ci6,Mangok PHCU,9.042560,27.385960
Northern Bahr El Ghazal State,Aweil East County,Wunlang Payam,UnIr5l5O2Pj,Malual-Kuel PHCU,9.428450,27.301810
Northern Bahr El Ghazal State,Aweil East County,Wunlang Payam,NUkMCVImLLm,Wunlang PHCU,9.035850,27.512760
Northern Bahr El Ghazal State,Aweil East County,Yargot Payam,T9Bp33InwUe,Akuem PHCC,8.962100,27.500690
Northern Bahr El Ghazal State,Aweil East County,Yargot Payam,uplsgkEBafn,Warlang PHCU,9.035850,27.512760
Northern Bahr El Ghazal State,Aweil East County,Yargot Payam,uzeUTcdZBHZ,Yargot PHCU,9.008130,27.459180
Northern Bahr El Ghazal State,Aweil North County,Ariath Payam,DTbJ6uxw5EZ,Arieth PHCU,9.105000,27.222400
Northern Bahr El Ghazal State,Aweil North County,Ariath Payam,k4taRUZgwhL,Kajik PHCU,9.166860,27.136800
Northern Bahr El Ghazal State,Aweil North County,Malual Centre Payam,jNK9M0NLB4V,Ajak Wol PHCU,9.194510,27.061470
Northern Bahr El Ghazal State,Aweil North County,Malual Centre Payam,pRJtRssStgH,Majak Kar PHCC,9.223714,27.021672
Northern Bahr El Ghazal State,Aweil North County,Malual Centre Payam,Rw8mEof12rh,Marol Deng Geng PHCU,9.246670,27.063100
Northern Bahr El Ghazal State,Aweil North County,Malual East Payam,DUpxinmloYC,Abyei Chok PHCU,9.135790,27.258140
Northern Bahr El Ghazal State,Aweil North County,Malual East Payam,lQWfadajAZH,Jaac PPF PHCU,9.474610,27.136100
Northern Bahr El Ghazal State,Aweil North County,Malual East Payam,qcMY5ZfIceL,Malual Deng Aruom PHCU,9.211590,27.114430
Northern Bahr El Ghazal State,Aweil North County,Malual East Payam,VPUbuVICsh2,Mayen Ulem PHCC,9.037140,27.285400
Northern Bahr El Ghazal State,Aweil North County,Malual East Payam,oDstxaoYPb5,Warapei PHCC,9.242620,27.084670
Northern Bahr El Ghazal State,Aweil North County,Malual East Payam,QfXNfh4xAkg,Wargeng PHCU,9.022247,27.365244
Northern Bahr El Ghazal State,Aweil North County,Malual North Payam,Z3fTSFMtfNV,Gok Machar PHCC,9.125620,26.515850
Northern Bahr El Ghazal State,Aweil North County,Malual North Payam,dSqRcblIiZc,Mayom Adhal PHCU,9.115630,26.572820
Northern Bahr El Ghazal State,Aweil North County,Malual West Payam (Aweil N),SeZj85CQP4B,Majak Bai PHCC,9.118758,26.795620
Northern Bahr El Ghazal State,Aweil North County,Malual West Payam (Aweil N),XdfSWQbR3Ya,Warchuei PHCU,9.103360,26.442530
Northern Bahr El Ghazal State,Aweil South County,Ayai Payam,IAa8lcg6RLK,Ayai PHCU,8.521526,27.566890
Northern Bahr El Ghazal State,Aweil South County,Gakrol Payam,IMXROb7FlIE,Akac PHCC,8.573083,27.727028
Northern Bahr El Ghazal State,Aweil South County,Gakrol Payam,DeMB1mWiKt2,Wuncum PHCU,8.661580,27.677160
Northern Bahr El Ghazal State,Aweil South County,Nyieth Payam,Y9w98870Bn8,Nyieth PHCU,8.496383,27.543607
Northern Bahr El Ghazal State,Aweil South County,Nyocawany I Payam,o42Yk9Mqafs,Malek Alel PHCC,8.588820,27.594330
Northern Bahr El Ghazal State,Aweil South County,Panthou Payam,XULLgqw57Nj,Panthou DTC PHCC,8.589080,27.594500
Northern Bahr El Ghazal State,Aweil South County,Tar-Weng Payam,duwMretkQYS,Makuei Alel PHCU,8.708306,27.749750
Northern Bahr El Ghazal State,Aweil South County,Tiar-aleit Payam,Yvmvtbfqc21,Tiar - Aleit PHCC,8.465660,27.533560
Northern Bahr El Ghazal State,Aweil South County,Wathmuok Payam,W74zc6gw9kq,Wathmouk PHCU,8.696930,27.681300
Northern Bahr El Ghazal State,Aweil West County,Gomjuer Center Payam,o7Gkb1life2,Nyamlel PHCC,9.138520,26.982480
Northern Bahr El Ghazal State,Aweil West County,Mariem East Payam,JuvvKpl9zpG,Aguat PHCU,9.074240,27.091020
Northern Bahr El Ghazal State,Aweil West County,Mariem East Payam,fIfrTFzMpnb,Amatnyang PHCU,9.074361,27.144556
Northern Bahr El Ghazal State,Aweil West County,Mariem East Payam,PYXfUCdlP1D,Anyuopjang PHCU,9.131611,26.980301
Northern Bahr El Ghazal State,Aweil West County,Mariem East Payam,ZzWVxppIMd0,Chelcou PHCC,8.966310,26.860700
Northern Bahr El Ghazal State,Aweil West County,Mariem East Payam,foq1ThudZZ3,Guangnou PHCU,8.922950,26.915150
Northern Bahr El Ghazal State,Aweil West County,Mariem East Payam,SHSPGYLVa1A,Majook Dengdit PHCU,9.102761,27.061207
Northern Bahr El Ghazal State,Aweil West County,Mariem East Payam,LIcaBICNx02,Marial Bai DTC PHCC,9.102560,26.850880
Northern Bahr El Ghazal State,Aweil West County,Mariem East Payam,OnYnfyxSmzD,Mayom Akuang Rel PHCC,9.054100,26.424009
Northern Bahr El Ghazal State,Aweil West County,Mariem East Payam,bPczM9peo35,Nyinbouli PHCC,9.021630,26.507000
Northern Bahr El Ghazal State,Aweil West County,Mariem East Payam,HJXC2ZyJXom,Wedweil PHCC,9.007360,27.197880
Northern Bahr El Ghazal State,Aweil West County,Mariem East Payam,KLpGvRpudfa,Wungiir PHCU,9.119820,26.755970
Northern Bahr El Ghazal State,Aweil West County,Mariem West Payam,LDmdIq5ME0m,Maker PHCU,8.913560,27.333000
Northern Bahr El Ghazal State,Aweil West County,Mariem West Payam,aU4qZydKIBY,Udhum DTC PHCC,8.886150,27.253030
Pibor Administrative Area,Pibor County,Boma Payam,BKpbwBh3Xo4,Boma Hospital,6.178720,34.388250
Pibor Administrative Area,Pibor County,Kiziongora Payam,x6wg9iAelYO,Khoradep PHCU,6.150830,34.393890
Pibor Administrative Area,Pibor County,Miwono Payam,wJoDKf7eos6,Labarab PHCU,6.661120,33.969700
Pibor Administrative Area,Pibor County,Boma Payam,y44Jtf5gPEV,Meiwun PHCU,6.249778,34.679135
Pibor Administrative Area,Pibor County,Pibor Payam,olSq3f1FuIV,Pibor Hospital,6.795607,33.135455
Pibor Administrative Area,Pibor County,Vertheth Payam,w6hOQJsjIt7,Vertheth PHCU,6.678737,33.206712
Pibor Administrative Area,Pochalla County,Adongo Payam,wDjXMhTBjVT,Ajwara PHCU,7.139130,33.967080
Pibor Administrative Area,Pochalla County,Adongo Payam,FlHdv5w4SiO,Nyium PHCU,7.035610,34.003550
Pibor Administrative Area,Pochalla County,Adongo Payam,mc1vHeY1hM7,Otallo PHCU,7.150013,33.861787
Pibor Administrative Area,Pochalla County,Akiela Payam,vzj86WJa0Io,Okadi PHCU,6.098580,34.019970
Pibor Administrative Area,Pochalla County,Pochalla Payam,HM2L4bWOwXj,Obuodi PHCU,7.080080,34.016740
Pibor Administrative Area,Pochalla County,Pochalla Payam,R1dkQik8wJM,Ojangbai PHCU,7.154630,34.134640
Pibor Administrative Area,Pochalla County,Pochalla Payam,Eld91GNCApn,Pochalla Hospital,7.177610,34.087310
Ruweng Administrative Area,Abiemnhom County,Abiemnom Payam,uLEi6odqenf,Abiemnom PHCC,9.398740,28.823400
Ruweng Administrative Area,Abiemnhom County,Abiemnom Payam,yGT064K7KDb,Awarpiny PHCU,9.473620,28.888280
Ruweng Administrative Area,Abiemnhom County,Abiemnom Payam,B28DxdG6Wuc,Manajoga PHCU,9.392128,28.811239
Ruweng Administrative Area,Abiemnhom County,Abiemnom Payam,zZvuNYtjDlC,Panyang PHCU,9.409190,28.912590
Ruweng Administrative Area,Pariang County,Aliiny Payam,DrAr8WxEme3,Bongki PHCU,10.015000,29.790600
Ruweng Administrative Area,Pariang County,Biu Payam,P4jn4BDBHvT,Biu PHCC,9.645710,30.297490
Ruweng Administrative Area,Pariang County,Jamjang Payam,kFzl6ODllUV,Ajoungthok PHCU,9.090000,30.030000
Ruweng Administrative Area,Pariang County,Jamjang Payam,tzZOnvYaLza,Gumriak PHCU,10.027539,30.197250
Ruweng Administrative Area,Pariang County,Jamjang Payam,ROvqQFjmeyY,Hakima Yacoub PHCC,10.100000,30.090000
Ruweng Administrative Area,Pariang County,Jamjang Payam,fZMGT7FP3yV,Jamjang PHCC,9.927930,30.291130
Ruweng Administrative Area,Pariang County,Jamjang Payam,wpXiwPG9hqp,Pamiir PHCC,9.910000,30.350000
Ruweng Administrative Area,Pariang County,Nyiel Payam,VgbxK87iIUK,Kong PHCU,9.836122,30.027536
Ruweng Administrative Area,Pariang County,Pariang Payam,qsrvSTloN5S,Panyang PHCC,10.042220,29.925870
Ruweng Administrative Area,Pariang County,Pariang Payam,YRy4KvqAz5w,Pariang Hospital,9.911340,29.982140
Ruweng Administrative Area,Pariang County,Werthen Payam,c2GUXeWVXcV,Yida Centre A PHCC,10.110000,30.090000
Unity State,Guit County,Guit Payam,Vr8wp1GIyx8,Guit PHCC,9.158310,29.910600
Unity State,Guit County,Kadet Payam,A7UXCHbbY6P,Kedat PHCU,9.031339,30.061294
Unity State,Guit County,Kuach Payam,hVpj1v7ZGDD,Kuach PHCC,8.902070,30.029470
Unity State,Guit County,Kuerguini Payam,QaNPD1hFpLE,Kuerguini PHCU,9.260680,29.891020
Unity State,Guit County,Niemni Payam,qLowRGqGrbL,Niemni PHCC,9.306375,30.026222
Unity State,Koch County,Boaw Payam,qWRgw28vCN8,Boaw PHCC,8.843790,29.729600
Unity State,Koch County,Jaak Payam,POlD8BIeWSU,Rier PHCU,8.782960,30.100230
Unity State,Koch County,Kochlual Payam,SOrMJAYSAgS,Koch Hospital,8.599840,29.989890
Unity State,Koch County,Ngony Payam,BNEzdDm2s7T,Mirmir PHCC,8.464600,30.102250
Unity State,Leer County,Bou Payam,uT5MmWFyeow,Bou PHCU,8.191579,29.962408
Unity State,Leer County,Dok Payam,IwYqd0RGXCf,Juong PHCU,8.301142,30.146642
Unity State,Leer County,Guat Payam,AZWPfydUtO2,Guat PHCU,8.383390,30.144600
Unity State,Leer County,Guat Payam,ywYtdaLK4fn,Leer County Hospital,8.333390,30.198600
Unity State,Leer County,Padeah Payam,iHZKwYatK5z,Dindin PHCU,8.305920,30.231890
Unity State,Leer County,Padeah Payam,UfU1uxTchpt,Gandor PHCU,8.310820,30.241790
Unity State,Leer County,Padeah Payam,XvUs4aufqEl,Lual PHCU,8.240830,30.074460
Unity State,Leer County,Pilieny Payam,lIJwnQgqbg7,Pilieny PHCU,8.176660,30.226350
Unity State,Leer County,Yang Payam,t2IBP0paDla,Thonyor PHCC,8.222650,30.219590
Unity State,Mayendit County,Bhor Payam,v3D2dUNlXuL,Mayendit County Hospital,8.131790,30.016590
Unity State,Mayendit County,Luom Payam,b1Akm08hEa3,Leah PHCU,8.263189,30.115375
Unity State,Mayendit County,Maal Payam,hP8KHAbYtcd,Malkuer PHCU,8.163220,29.942980
Unity State,Mayendit County,Pabuong Payam,QE5QiOHr5xB,Madol PHCU,7.903380,29.842110
Unity State,Mayendit County,Pabuong Payam,BTHKBmUyPap,Pabuong PHCU,8.123880,30.005800
Unity State,Mayendit County,Rubkuay Payam,aeIwADWEGbE,Rubkuay PHCC,8.391780,30.078580
Unity State,Mayendit County,Thaker Payam,OGOQI7aOkzl,Kuok PHCU,8.394450,30.053230
Unity State,Mayendit County,Thaker Payam,xmH0obblqDl,Thakker PHCU,8.393140,30.049370
Unity State,Mayendit County,Tharjiath Payam,WVbiFDfdmkD,Jaguar PHCU,8.359090,30.023630
Unity State,Mayendit County,Tutnyang Payam,GagLLNk1q4P,Luom PHCU,8.397800,30.129560
Unity State,Mayendit County,Tutnyang Payam,eqqhja8aiJ7,Tutnyang PHCU,8.359710,30.100450
Unity State,Mayom County,Bieh Payam,Zc2qOU9WYPZ,Bieh PHCU,9.102030,28.797190
Unity State,Mayom County,Kuerbone Payam,xrgNEXS5dIk,Mayom Hospital,9.222170,29.175670
Unity State,Mayom County,Kueryiek Payam,WEJT2lQoHsY,Kueryiek PHCU,9.042227,28.847746
Unity State,Mayom County,Mankien Payam,OgsyhAsGdI4,Mankien PHCC,9.052120,29.090010
Unity State,Mayom County,Ngop Payam,wRYziNnXfIN,Ngop PHCU,9.122610,28.951350
Unity State,Mayom County,Pub Payam,KW3DjpltsIr,Pub PHCU,9.013087,29.001200
Unity State,Mayom County,Riah Payam,OZigDLH402p,Riah PHCU,8.913130,29.276470
Unity State,Mayom County,Wangkei Payam,pRaIeHTEEJW,Wangkei PHCC,9.087990,29.455460
Unity State,Panyijar County,Ganyliel Payam,GH5hCtafULU,Dekom PHCU,7.358990,30.456560
Unity State,Panyijar County,Ganyliel Payam,iAVwvOesvbL,Ganyiel PHCC,7.404970,30.472370
Unity State,Panyijar County,Kol Payam,MoSTnKVEZ1X,Kol PHCU,7.598200,30.255910
Unity State,Panyijar County,Kol Payam,mfP9gyQqCTT,Maluok PHCU,7.517150,30.267570
Unity State,Panyijar County,Kol Payam,YO8zZaj5Exc,Pathiel PHCU,7.655025,30.247661
Unity State,Panyijar County,Mayom Payam (Mayom),fwqoTFgKWn0,Maluak PHCU,7.745450,30.151090
Unity State,Panyijar County,Nyal Payam,ziDGax3DfFP,Janglou PHCU,7.687260,30.234190
Unity State,Panyijar County,Nyal Payam,wQgd0NLtPJy,Nyal PHCC,7.723750,30.248580
Unity State,Panyijar County,Pachaar Payam,lofNymInBIf,Pachar PHCU,7.317860,30.420740
Unity State,Panyijar County,Pachak Payam,zl1kgw9Kpbb,Morgok PHCU,7.261680,30.333510
Unity State,Panyijar County,Pachak Payam,pXqVSX9jThp,Pachak PHCU,7.292920,30.446360
Unity State,Panyijar County,Pachienjok Payam,xQ1XxsDLwcY,Pacienjok PHCU,7.313420,30.462700
Unity State,Panyijar County,Thoarnhoum Payam,tp8cqxNNyxj,Buotbai PHCU,7.416111,30.465833
Unity State,Panyijar County,Tiap Payam,uRzBQauQjxq,Chuk County Hospital,7.452210,30.281270
Unity State,Panyijar County,Tiap Payam,VvFi3rKs41p,Laidit PHCU,7.457660,30.401110
Unity State,Panyijar County,Tiap Payam,NPPGLlq1fKK,Tiap PHCU,7.414780,30.424030
Unity State,Rubkona County,Bentiu Town Payam,Nefki6Dvi4V,Bentiu State Hospital,9.253500,29.802990
Unity State,Rubkona County,Kaljak Payam,coa8AlhTWmr,Kaljak PHCC,9.276110,29.536490
Unity State,Rubkona County,Rubkotne Payam,QlvQ2POshjh,Rubkona Care PHCC,9.290230,29.789550
Upper Nile State,Akoka County,Akoka Payam,WgIij85ZO9T,Bienythiang PHCU,9.832910,32.037710
Upper Nile State,Akoka County,Akudueng Payam,XI2OFKPPcrl,Bai-chan PHCU,9.552040,32.104510
Upper Nile State,Akoka County,Bienythiang payam,fxQ2Y1dkzaS,Rom PHCU,9.882000,32.153790
Upper Nile State,Akoka County,Rom Payam,R0N6o3nD1y9,Riang PHCU,8.488860,31.833494
Upper Nile State,Baliet County,Abwong Payam,DXHjlSohTm3,Wunbut PHCU,9.156840,32.208290
Upper Nile State,Baliet County,Adong Payam,VLB5WUC9xuz,Adong PHCC,9.243290,32.156360
Upper Nile State,Baliet County,Gel Achiel Payam,rloPT3DQ8po,Gellachol PHCU,9.100863,32.369193
Upper Nile State,Baliet County,Nyongkuach Payam,Kgw8QOZNTpO,Baliet PHCC,9.296000,32.057800
Upper Nile State,Baliet County,Nyongrial Payam,kTpSlh806Xe,Riangnum PHCU,9.330280,32.020870
Upper Nile State,Fashoda County,Dethok Payam,Pb4sJmFTETR,Aburoc PHCU,10.104314,32.083610
Upper Nile State,Fashoda County,Dethok Payam,oyZTj9h7TKl,Detwok PHCU,10.007990,32.182040
Upper Nile State,Fashoda County,Dethok Payam,FzeAAoYRWHB,Mallo PHCU,10.049080,32.208800
Upper Nile State,Fashoda County,Kodok Payam,znn1oyqeGeF,Gollo PHCU,9.960100,32.153220
Upper Nile State,Fashoda County,Kodok Payam,VTdMW0fpAhr,Otego PHCU,9.894000,31.992560
Upper Nile State,Fashoda County,Lul Payam,y9qUFKh7wey,Bol PHCU,9.727600,31.859590
Upper Nile State,Fashoda County,Lul Payam,VafYZGRtkMz,Lul West PHCU,9.758934,31.942028
Upper Nile State,Fashoda County,Lul Payam,dqK6furenke,Orinyi PHCC,9.867760,31.890100
Upper Nile State,Longochuk County,Dajo Payam,wH9InfBEE5J,Dajok PHCC,9.205190,33.958140
Upper Nile State,Longochuk County,Dajo Payam,Qs240yF9Z8S,Wichlita PHCU,9.254340,33.842700
Upper Nile State,Longochuk County,Guelguk Payam,BdKjvZGqXI2,Chot Lual PHCU,9.119932,33.585745
Upper Nile State,Longochuk County,Guelguk Payam,U2pv5fkNbYB,Chutbora PHCC,9.206120,33.753070
Upper Nile State,Longochuk County,Guelguk Payam,VDuX7v6fdNx,Guelguk PHCC,9.755600,32.979870
Upper Nile State,Longochuk County,Longochuk Payam,E86ylJwYxOm,Jongok PHCU,9.054721,33.427595
Upper Nile State,Longochuk County,Longochuk Payam,Qf70H5Zhugs,Mathiang Hospital,9.022864,33.503413
Upper Nile State,Longochuk County,Longochuk Payam,dYOOZzns8px,Warweng PHCU,9.019381,33.469617
Upper Nile State,Longochuk County,Malual Payam,zOOTnc5oaVi,Majiok PHCU,8.942072,33.506261
Upper Nile State,Longochuk County,Malual Payam,CZAyYwELCnr,Malow PHCU,9.006044,33.570687
Upper Nile State,Longochuk County,Malual Payam,RT9tqJ2NIuG,Malual PHCU,8.935452,33.571390
Upper Nile State,Longochuk County,Malual Payam,jRgm2pE2sAq,Watber PHCC,8.935504,33.571460
Upper Nile State,Longochuk County,Pamach Payam,myWKBemERCv,Belwang PHCU,6.207802,31.555724
Upper Nile State,Longochuk County,Pamach Payam,VI9x549pcRd,Pamac PHCU,8.877807,33.606631
Upper Nile State,Longochuk County,Wudier Payam,lVlAK0jRQIL,Wudier PHCC,9.311430,33.684745
Upper Nile State,Luakpiny/Nasir County,Dingkar Payam,JhTLpDCdqJ3,Dingkar PHCU,8.451540,33.015191
Upper Nile State,Luakpiny/Nasir County,Dingkar Payam,oZVXebbILEy,Lual Yak PHCU,8.770100,32.976850
Upper Nile State,Luakpiny/Nasir County,Jikmir Payam,xBAqaWmzlZQ,Jikmir PHCC,8.453270,33.189260
Upper Nile State,Luakpiny/Nasir County,Kiech Kuon Payam,fYqaNC8Kpe3,Dhekdhek PHCU,8.652000,33.086000
Upper Nile State,Luakpiny/Nasir County,Kiech Kuon Payam,A9lfvCPxKdn,Kierwan PHCU,8.782240,33.040300
Upper Nile State,Luakpiny/Nasir County,Kuerenge-ke Payam,wHhrswCEKpy,Kierwanding PHCU,8.892050,30.737180
Upper Nile State,Luakpiny/Nasir County,Kuerenge-ke Payam,pU7QlLLLcg5,Malek PHCU,6.067750,31.605400
Upper Nile State,Luakpiny/Nasir County,Kuerenge-ke Payam,Gmfp0R1IMnC,Mandeng PHCU,9.386750,30.837750
Upper Nile State,Luakpiny/Nasir County,Kuerenge-ke Payam,xqJ6BUuoICq,Wanding PHCU,8.784750,33.040650
Upper Nile State,Luakpiny/Nasir County,Mading Payam,rKt06B3rC0S,Mading PHCC,8.773290,33.321920
Upper Nile State,Luakpiny/Nasir County,Maker Payam,GucHASSPjIt,Gurnyang PHCU,8.696350,33.394570
Upper Nile State,Luakpiny/Nasir County,Nasir Payam,Fb5xo3iyUr0,Nasir Hospital,8.616950,33.074120
Upper Nile State,Luakpiny/Nasir County,Roam Payam,qOlrEij0IwQ,Gaireng PHCU,8.898660,33.028600
Upper Nile State,Luakpiny/Nasir County,Roam Payam,h57RNt5tUit,Homkor PHCU,8.715080,33.085930
Upper Nile State,Maban County,Banashowa Payam,yxAiV4SM6aU,Bougaya PHCU,9.663500,33.532360
Upper Nile State,Maban County,Banashowa Payam,Z75fKuupjAa,Dangaji PHCU,9.926920,33.654860
Upper Nile State,Maban County,Bunj Payam,GrQg9hubq1U,Bunj Hospital,9.958670,33.711200
Upper Nile State,Maban County,Bunj Payam,tDKAzEPoKWZ,Bunj RI PHCC,9.958410,33.711720
Upper Nile State,Maban County,Bunj Payam,ZFJZj9NsrJk,Gasm Allah PHCU,9.967150,33.806480
Upper Nile State,Maban County,Bunj Payam,ysQut59Vxnq,Shatta PHCU,9.958560,33.929500
Upper Nile State,Maban County,Bunj Payam,nCAJrAZ7elU,Thougji PHCU,9.959548,33.699463
Upper Nile State,Maban County,Jinkuata Payam,A11fPGbAf0r,Gandrassa PHCC,9.985411,33.612876
Upper Nile State,Maban County,Jinkuata Payam,uI63V6eQ6Fw,Gentil PHCC,9.988472,33.589026
Upper Nile State,Maban County,Jinkuata Payam,BF3n7mziofJ,Kaya PHCC,10.102936,33.575022
Upper Nile State,Maban County,Jinkuata Payam,g5XHHayrqVD,Kaya PHCU,10.098455,33.590723
Upper Nile State,Maban County,Jinkuata Payam,GKeN9k2vLFL,Poumki PHCU,10.254628,33.561840
Upper Nile State,Maban County,Jinkuata Payam,FXqli6bmcXr,Yusuf Batil PHCC,9.976237,33.579057
Upper Nile State,Maban County,Jinkuata Payam,aniRaOinHpr,Yusuf Batil PHCU,9.974581,33.570377
Upper Nile State,Maban County,Jinmakda Payam,aBrVonWSggt,Jamam PHCU,10.143910,33.228260
Upper Nile State,Maban County,Khor El Amer Payam,hBzx4H2ir2Z,Benamayo PHCC,9.992819,33.758056
Upper Nile State,Maban County,Khor El Amer Payam,lVunYpHrpzM,Doro Extension PHCU,10.011248,33.768137
Upper Nile State,Maban County,Khor El Amer Payam,rPjmRMRNTOm,Doro PHCC,9.983385,33.758965
Upper Nile State,Maban County,Khor El Amer Payam,NIn2348YFt5,Mayak PHCU,9.983053,33.744339
Upper Nile State,Maban County,Khor El Amer Payam,UlV8PXb7AqP,Nilla PHCU,9.958700,33.928650
Upper Nile State,Maiwut County,Jekow Payam,yiyrucTrB1Z,Turuw PHCU,8.499890,33.441380
Upper Nile State,Maiwut County,Jotome Payam,umn7o95o6e0,Jotome PHCU,8.639580,33.833400
Upper Nile State,Maiwut County,Jotome Payam,PnPPbsMRxQ2,Wunkir PHCU,9.406880,31.469800
Upper Nile State,Maiwut County,Kigile Payam,y20mrF2xeQv,Nyetok PHCU,8.543660,33.825800
Upper Nile State,Maiwut County,Olang Payam,a6gzTsixFLv,Malek PHCU,6.067750,31.605400
Upper Nile State,Maiwut County,Olang Payam,PlPti9pF5vs,Uleng PHCU,8.712200,33.727480
Upper Nile State,Maiwut County,Pagak Payam (Maiwut),xmJmoE4dnWk,Pagak PHCC,8.473280,33.020480
Upper Nile State,Maiwut County,Pagak Payam (Maiwut),xwWCAXFtlVk,Pinythor PHCU,8.724480,33.853320
Upper Nile State,Malakal County,Central Malakal Payam,QjlA8Qc4L28,Malakal Teaching Hospital,9.529050,31.651830
Upper Nile State,Malakal County,Ogot Payam,IHsj4wP9pAl,Wau Shilluk PHCU,9.572823,31.675377
Upper Nile State,Malakal County,Southern Malakal Payam,waIwEEHQd8M,Assossa PHCU,9.515500,31.667500
Upper Nile State,Malakal County,Southern Malakal Payam,XXtSlGxZ64h,Bam PHCU,9.503360,31.659230
Upper Nile State,Manyo County,Athidwoi Payam,DuQY34mxrC0,Athidwoi PHCU,10.250530,32.242060
Upper Nile State,Manyo County,Athidwoi Payam,nYJ2uVg2OrC,Ogon PHCU,10.131340,32.270050
Upper Nile State,Manyo County,Kaka Payam,UmkdBLsmzzv,Kaka PHCC,10.579200,32.157220
Upper Nile State,Manyo County,Kaka Payam,BJkQ9ZT1YPj,Thorgwang PHCU,11.000970,32.642440
Upper Nile State,Manyo County,Kwoj Payam,gAAFeXahUXI,Aweth PHCC,10.341080,32.223130
Upper Nile State,Manyo County,Wadakona Payam,IV0Pej0l60h,Wadakona PHCC,11.608230,32.728220
Upper Nile State,Melut County,Bimachuk Payam,ZRZlKic6IjU,Pariak PHCU,12.169460,32.785540
Upper Nile State,Melut County,Galdora Payam,b0FiyAiNvKj,Galdora PHCC,10.271680,32.463440
Upper Nile State,Melut County,Melut Payam,i4sZ34vttpt,Melut Civil Hospital,10.444450,32.200680
Upper Nile State,Melut County,Paloch Payam (Melut),MA5EbT5GcAZ,Paloch PHCC,10.465590,32.548160
Upper Nile State,Melut County,Panomdit Payam,rg2yeyxbDRF,Panomdit PHCU,10.240759,32.719678
Upper Nile State,Melut County,Wunamum Payam,C1GKUSwzLtT,Wanamum PHCU,10.169790,32.812950
Upper Nile State,Panyikang County,Dheteim Payam,VlHTlgFViXR,Oweci PHCC,9.433580,31.575750
Upper Nile State,Panyikang County,Panyikang Payam,m7KX5o2sDqp,Nakdiar PHCU,9.361600,31.318380
Upper Nile State,Panyikang County,Panyikang Payam,IVo4A2zThZy,Pakwar PHCU,9.376120,31.397560
Upper Nile State,Panyikang County,Tonga Payam,ieBz4t3VHlq,Nyibodo PHCU,9.487220,31.009240
Upper Nile State,Renk County,North Renk Payam,HvuVxV83ls4,Abukadhra PHCU,11.830290,32.800060
Upper Nile State,Renk County,Geger Payam,zNRjNixiN2r,Alaka PHCU,12.169470,32.785530
Upper Nile State,Renk County,Chemmedi Payam,NI0BM5v04KQ,Chemmedi PHCC,11.516280,32.970730
Upper Nile State,Renk County,North Renk Payam,LE7GinYcCaJ,ECS PHCC,11.748330,32.806944
Upper Nile State,Renk County,Geger Payam,rStaVI7Q972,Gerger PHCC,11.990121,32.758880
Upper Nile State,Renk County,Jalhak Payam,B4JZRTrsm6l,Jalhak PHCC,11.232000,32.413900
Upper Nile State,Renk County,Geger Payam,IeSzQOXS8E8,Jerbana PHCC,12.038270,33.028850
Upper Nile State,Renk County,Jalhak Payam,Jy6Sf84nHn4,Molbuk PHCU,11.156510,32.679560
Upper Nile State,Renk County,North Renk Payam,ogYBD3SCt5Q,Renk Hospital,11.749120,32.799890
Upper Nile State,Renk County,Geger Payam,sNsOjcBKjed,Romale PHCU,12.076000,32.782170
Upper Nile State,Ulang County,Doma Payam,eMYPDAX1PCA,Doma PHCU,8.881500,32.572860
Upper Nile State,Ulang County,Doma Payam,l8svCcsn6gy,Ying PHCU,8.794920,33.596090
Upper Nile State,Ulang County,Kurmuot Payam,QgdOMTycPiQ,Kuich PHCC,8.602900,32.905870
Upper Nile State,Ulang County,Ulang Payam,CKURGrJCb3r,Dura PHCU,8.796010,32.699810
Upper Nile State,Ulang County,Ulang Payam,JP83EwQqpnr,Ulang PHCC,8.655390,32.721710
Upper Nile State,Ulang County,Yomding Payam,CI04syitJIF,Bimbim PHCU,8.781450,32.849200
Upper Nile State,Ulang County,Yomding Payam,xEG2PqoGWkW,Rup Board PHCC,8.669270,32.791260
Upper Nile State,Ulang County,Yomding Payam,zzZPDtQYTnW,Yomding PHCC,8.635620,32.838520
Warrap State,Gogrial East County,Nyang Payam,OGcXHoaC8LJ,Awut-Wut PHCU,8.593850,28.614320
Warrap State,Gogrial East County,Pathuon East Payam,S0fk4srRas9,Mayom-Bioung PHCU,8.234180,28.594030
Warrap State,Gogrial East County,Pathuon East Payam,IHkvw27OAgp,Yiik Adoor PHCU,8.247210,28.463530
Warrap State,Gogrial East County,Pathuon West Payam,p0h0uXIRAcy,Luonyaker County Hospital,8.229630,28.389750
Warrap State,Gogrial East County,Pathuon West Payam,l8G9kX8vyLt,Matiel PHCU,8.145110,28.228590
Warrap State,Gogrial East County,Toch East Payam,fC5wLjkGYG6,Lietnhom DTC PHCC,8.597590,28.472600
Warrap State,Gogrial East County,Toch East Payam,vLKAH1Ih4TS,Maliai PHCU,8.393220,28.540960
Warrap State,Gogrial East County,Toch North Payam,RI4pL5KdgcB,Ajogo PHCU,8.707150,28.425200
Warrap State,Gogrial East County,Toch North Payam,x9Zmp3tu9GT,Majak-Nyuom PHCC,8.725790,28.530700
Warrap State,Gogrial East County,Toch North Payam,V2CHXq3kllK,Mayom Chol PHCC,8.410540,28.405090
Warrap State,Gogrial East County,Toch West Payam,Tz7Sumyf2AN,Panacier PHCU,8.615566,28.361063
Warrap State,Gogrial East County,Toch West Payam,pxdH2ujNJbh,Pinydit PHCU,8.415570,28.344490
Warrap State,Gogrial West County,Akon North Payam,ejDm2lpR0vZ,Mayen PHCU,9.016530,27.923040
Warrap State,Gogrial West County,Akon South Payam,S4vRB5yyt5Z,Akon PHCC,8.887348,27.956950
Warrap State,Gogrial West County,Alek North Payam,sx7C5QU6jmH,Mayom PHCU,8.682773,28.273060
Warrap State,Gogrial West County,Alek South Payam,jLqTCTSrnzC,Alek PHCC,8.663940,28.148560
Warrap State,Gogrial West County,Alek South Payam,Qt4QMurxKzA,Atuk Kuel PHCU,8.644060,27.995940
Warrap State,Gogrial West County,Alek West Payam,a1Hzc1llmC2,Keet PHCU,8.818480,28.070930
Warrap State,Gogrial West County,Gogrial Payam,tSWDBLVbvD9,Gogrial PHCC,8.526830,28.100140
Warrap State,Gogrial West County,Gogrial Payam,VqC22aauvfj,Maluil Ajak PHCU,8.528840,27.976120
Warrap State,Gogrial West County,Kuac North Payam,dtpHLfGplRU,Ajiep PHCU,8.265550,28.089420
Warrap State,Gogrial West County,Kuac North Payam,Qf6zm1BRggO,Kuajok State Hospital,8.299999,28.000000
Warrap State,Gogrial West County,Kuac North Payam,wa1mLQFs5SL,Mayen Gumel PHCC,8.452760,28.120064
Warrap State,Gogrial West County,Kuac South Payam,Zp0hpzYQ6H7,Magai PHCU,8.104390,28.008180
Warrap State,Gogrial West County,Kuac South Payam,klPqO70g4yp,Thurnyior PHCU,8.144920,28.131950
Warrap State,Gogrial West County,Riau Payam,hqEaB6qcg4j,Pakor PHCU,8.934770,28.117810
Warrap State,Gogrial West County,Riau Payam,addukZNoG2A,Panliet PHCU,8.842370,28.255390
Warrap State,Tonj East County,Ananatak Payam,E3FdtjrTim8,Ananatak PHCU,7.732197,29.025414
Warrap State,Tonj East County,Ananatak Payam,TtXEt2gkngj,Ngapagok PHCC,7.845950,29.094910
Warrap State,Tonj East County,Makuac Payam,XNfj0Fqq95Z,Makuac PHCU,7.987470,29.476800
Warrap State,Tonj East County,Malualcum Payam,pPkqNBJ1BNI,Kacuat PHCU,7.946780,29.179350
Warrap State,Tonj East County,Mayen Payam (Tonj E),lb1GmAU1t2z,Mayen Ador PHCU,7.838167,29.272500
Warrap State,Tonj East County,Palal Payam,rZKywCoHgAl,Palal PHCU,7.716860,28.940120
Warrap State,Tonj East County,Paliang Payam,pdogG0c92U7,Paliang PHCU,7.977570,29.315420
Warrap State,Tonj East County,Paliang Payam,YWBIeYJ1atN,Rumabuth PHCC,7.971667,29.285000
Warrap State,Tonj East County,Paliang Payam,NxS5CPHZBFT,Wuncuai PHCU,8.016390,29.447620
Warrap State,Tonj East County,Paweng Payam,Q7XZjYMLj5k,Kuelcuk PHCU,8.049480,29.307990
Warrap State,Tonj East County,Paweng Payam,qVl0vZgpPq2,Paweng PHCC,8.059667,29.422667
Warrap State,Tonj East County,Wun-liit Payam,qJGiZ9u7fkr,Wunlit PHCU,7.842170,29.231520
Warrap State,Tonj North County,Akop Payam,s0leue3HW4m,Akop PHCC,8.358470,29.164670
Warrap State,Tonj North County,Alabek Payam,Ah1x8SkuSkw,Alabek PHCC,8.534580,28.927010
Warrap State,Tonj North County,Aliek Payam,H3MZblF6T8s,Aliek PHCC,8.395270,28.687300
Warrap State,Tonj North County,Awuul Payam,rlquGk9djSB,Aporlang PHCU,8.145270,28.540360
Warrap State,Tonj North County,Awuul Payam,YMXMtIfnwpY,Awul  PHCC,8.188810,28.735990
Warrap State,Tonj North County,Awuul Payam,szgFQSlc7bN,Pagakdit PHCU,7.992540,28.497900
Warrap State,Tonj North County,Kirik Payam,rbZBl5Hxa1J,Kirrik PHCU,7.885460,28.816180
Warrap State,Tonj North County,Manloor Payam,d552iEbuKQv,Fareksika PHCU,7.900386,28.442147
Warrap State,Tonj North County,Manloor Payam,cTvRyidgzMz,Pankot PHCU,8.122323,28.393121
Warrap State,Tonj North County,Marial Lou Payam,jv97UwyWs5z,Marial Lou Hospital,8.042810,29.189860
Warrap State,Tonj North County,Pagol Payam,ADZgBWUbzQE,Lurchuk PHCU,7.831180,28.447260
Warrap State,Tonj North County,Pagol Payam,Vtff47l1nks,Pagol PHCU,7.699880,28.580200
Warrap State,Tonj North County,Rual-bet Payam,BIPdEQWSeKv,Rualbet PHCU,8.117060,28.941490
Warrap State,Tonj North County,Warrap Payam,SVYqkXq6CGj,Warrap  PHCC,8.089530,28.638080
Warrap State,Tonj South County,Jak Payam,PZRbdd0crdE,Jak PHCU,7.666490,28.701490
Warrap State,Tonj South County,Manyang-ngok Payam,PFwjp6jgmwF,Manyiel-Thonny PHCU,7.388180,28.978010
Warrap State,Tonj South County,Thiet Payam,QqHz9rA5ATb,Panakdit PHCU,7.698090,28.770100
Warrap State,Tonj South County,Thiet Payam,RLcNB5rF4hT,Thiet PHCC,7.608180,28.810460
Warrap State,Tonj South County,Tonj Payam,iVDca1azU0U,Aguka PHCU,6.979930,28.716260
Warrap State,Tonj South County,Tonj Payam,BaXMf7nWDQW,Malual Muok PHCU,7.399400,28.741020
Warrap State,Tonj South County,Tonj Payam,OhN8r0I6FBh,Tonj Hospital,7.276700,28.679840
Warrap State,Tonj South County,Wath-alel Payam,J1p1OP60EB9,Mabior yar PHCU,7.481790,28.784370
Warrap State,Tonj South County,Wath-alel Payam,VlNxj1Wik6s,Pawel PHCU,7.563070,28.724350
Warrap State,Tonj South County,Wath-alel Payam,gSgrKIxskhE,Wanh Alel PHCU,7.484150,28.848590
Warrap State,Twic County,Ajak-kuac Payam,va2drGChNwX,Ajak Kuach PHCC,9.290880,28.709910
Warrap State,Twic County,Ajak-kuac Payam,KqBFza5BZ9c,Molbang PHCU,9.252900,28.682950
Warrap State,Twic County,Akoc Payam,B4krw4JvBS5,Akoc PHCC,9.143660,28.021440
Warrap State,Twic County,Akoc Payam,RCufUMCHolU,Toch Noon PHCC,9.088580,27.984560
Warrap State,Twic County,Akoc Payam,YTTHjckEyuK,Yiik Thon PHCC,9.235830,28.053950
Warrap State,Twic County,Aweeng Payam,eUnWPSTJ6c3,Aweng PHCC,9.098780,28.559530
Warrap State,Twic County,Aweeng Payam,XTUQhh6GaXv,Majook Noon PHCC,9.203290,28.589580
Warrap State,Twic County,Aweeng Payam,YfrXqbAp56b,Maper Centre PHCC,9.1054647,28.4979675
Warrap State,Twic County,Aweeng Payam,Rnsx0bpkyOn,Marial Maper PHCC,9.169030,28.512940
Warrap State,Twic County,Pannyok Payam,EdzYa0louw8,Akak PHCC,9.068700,28.114430
Warrap State,Twic County,Pannyok Payam,FCLyEsv6gk2,Majak Pagai PHCC,9.170190,28.226640
Warrap State,Twic County,Pannyok Payam,wfF3S919gtL,Pan-Nyok PHCC,9.084830,28.206810
Warrap State,Twic County,Pannyok Payam,NdyDgBjhVmW,Tuele PHCC,8.997184,28.211872
Warrap State,Twic County,Turalei Payam,LHFjS8N3ygJ,Anyiel Kuac PHCC,9.259940,28.538500
Warrap State,Twic County,Turalei Payam,E9ziQb9wpco,Magak PHCC,8.896660,28.347310
Warrap State,Twic County,Turalei Payam,RDg3Ze9T5UI,Mother Theresa General Hospital,9.094880,28.424330
Warrap State,Twic County,Turalei Payam,xpDp9OiWlDE,Turalei PHCC,9.095520,28.430200
Warrap State,Twic County,Wunrok Payam,DlCtTmwSpN1,Malou-Hol PHCU,9.134450,28.269070
Warrap State,Twic County,Wunrok Payam,HE5aAdVFnfs,Mayen Abun PHCC,9.162510,28.362250
Warrap State,Twic County,Wunrok Payam,Qmdx9gmBVl3,Wunrok PHCC,8.992800,28.291560
Western Bahr El Ghazal State,Jur River County,Kangi Payam,auSGD5IEa82,Alelthony PHCC,8.277670,27.855170
Western Bahr El Ghazal State,Jur River County,Kangi Payam,MQ8o8zEwqJi,Kangi PHCC,8.145230,27.658920
Western Bahr El Ghazal State,Jur River County,Kuajiena Payam,MLNC5QWCwYG,Kuajena PHCC,7.508040,28.269750
Western Bahr El Ghazal State,Jur River County,Kuajiena Payam,SIXPkACzFsl,Mapel PHCC,7.296000,28.439210
Western Bahr El Ghazal State,Jur River County,Kuajiena Payam,LJMiptL2keU,Mbili PHCU,7.518990,28.196230
Western Bahr El Ghazal State,Jur River County,Marial Bai Payam,I2SO4YQzs7c,Achong Chong PHCC,7.929340,28.174470
Western Bahr El Ghazal State,Jur River County,Marial Bai Payam,iFnWicpMxZI,Marial Bai PHCC,7.890630,27.978410
Western Bahr El Ghazal State,Jur River County,Rocrocdong Payam,YrUWKzUdnMn,East Bank PHCC,7.707520,28.025150
Western Bahr El Ghazal State,Jur River County,Rocrocdong Payam,brILqFGZoDP,RocRoc Dong PHCU,7.782180,28.112940
Western Bahr El Ghazal State,Jur River County,Udici Payam,UTPeD2nj0PI,Udici County Hospital,8.069780,27.722190
Western Bahr El Ghazal State,Jur River County,Wau Bai Payam,Krixhp36YCK,Nyinakok PHCU,7.923250,28.033790
Western Bahr El Ghazal State,Jur River County,Wau Bai Payam,J1de0sxsq6z,Tharkueng PHCC,8.011160,27.998720
Western Bahr El Ghazal State,Raga County,Ere Payam,huzchVHtg6w,Timsah PHCC,9.549470,25.480840
Western Bahr El Ghazal State,Raga County,Raga Payam,vEq8auHPs1h,Deleba PHCU,8.789980,26.048380
Western Bahr El Ghazal State,Raga County,Raga Payam,XSSl9KzeEQA,Raja Hospital,8.469250,25.676620
Western Bahr El Ghazal State,Raga County,Ringi Payam,sSc3lnlsVlk,Boro Medina PHCC,8.464070,24.815830
Western Bahr El Ghazal State,Raga County,Ringi Payam,vO0Dp1ALXPP,Katta PHCU,8.440571,25.003206
Western Bahr El Ghazal State,Raga County,Ringi Payam,xi0VTQx5s0c,Menamba PHCU,8.484130,25.197230
Western Bahr El Ghazal State,Raga County,Uyujuku Payam,o7Cn1xEGbTP,Abul PHCU,7.431833,26.415540
Western Bahr El Ghazal State,Raga County,Uyujuku Payam,yHwWdVdIvVH,Deim Zubeir PHCC,7.714580,26.195930
Western Bahr El Ghazal State,Raga County,Uyujuku Payam,G8uroz3XS4b,Kuru PHCC,7.718580,26.497020
Western Bahr El Ghazal State,Raga County,Uyujuku Payam,bnOu74tWf33,Mangayat PHCU,8.223190,25.860010
Western Bahr El Ghazal State,Raga County,Uyujuku Payam,d3sKmSPJFvl,Sopo PHCU,8.025440,26.044280
Western Bahr El Ghazal State,Wau County,Wau North Payam,fkIY4lnxM6i,Hai Dinka PHCC,7.714710,27.998800
Western Bahr El Ghazal State,Wau County,Wau North Payam,hTHoG3R84X7,Lokoloko PHCC,7.695510,27.975220
Western Bahr El Ghazal State,Wau County,Wau North Payam,YBFjtVr7chL,Muktah PHCC,7.706660,27.994380
Western Bahr El Ghazal State,Wau County,Wau North Payam,NU5h0UydOYO,Wau Sika Hadid PHCC,7.713940,27.987820
Western Bahr El Ghazal State,Wau County,Wau South Payam,PJ3KBk7GGM3,Agok PHCC,7.627767,28.023897
Western Bahr El Ghazal State,Wau County,Wau South Payam,iqMdqcRIxHQ,Aljazeira PHCC,7.686375,27.977669
Western Bahr El Ghazal State,Wau County,Wau South Payam,T2LTbCrTWmb,Bazia Jedid PHCC,7.678690,27.994170
Western Bahr El Ghazal State,Wau County,Wau South Payam,ZdlmjsxZMzR,Wau Teaching Hospital,7.697020,28.004460
Western Equatoria State,Ezo County,Andari Payam,uCzbAidUUpq,Andari PHCU,4.947280,27.725400
Western Equatoria State,Ezo County,Andari Payam,ETuFaKyE0Fs,Bafuka PHCU,4.978220,27.780400
Western Equatoria State,Ezo County,Andari Payam,TqPyprm5WDp,Bangangai PHCU,4.918405,27.716547
Western Equatoria State,Ezo County,Andari Payam,QjcNAnIwCT0,Baragu PHCU,4.982557,27.688099
Western Equatoria State,Ezo County,Bagidi Payam,X4zRNGDnnw0,Bagidi PHCU,5.182610,27.669910
Western Equatoria State,Ezo County,Bagidi Payam,sQBcJrZVUsg,Moso PHCU,5.201241,27.926925
Western Equatoria State,Ezo County,Bariguna Payam,L40EIDhNdKF,Bambaraze PHCU,5.174159,27.393533
Western Equatoria State,Ezo County,Bariguna Payam,p1uEYiw9oNb,Banduguyo PHCU,5.177448,27.442381
Western Equatoria State,Ezo County,Bariguna Payam,CUHlDFAzpSk,Bariabande PHCU,4.982395,27.688003
Western Equatoria State,Ezo County,Bariguna Payam,SIM6UyPDaOC,Bariguna PHCU,5.318322,27.273820
Western Equatoria State,Ezo County,Ezo Centre Payam,CEW91p8bua2,Baikpa PHCU,5.095350,27.474640
Western Equatoria State,Ezo County,Ezo Centre Payam,EiULmp38gHE,Ezo Hospital,5.077110,27.465810
Western Equatoria State,Ezo County,Ezo Centre Payam,XSXqcp9Wq8C,Madoro PHCC,5.070490,27.534900
Western Equatoria State,Ezo County,Ezo Centre Payam,thXJo6oloMS,Nanzinga PHCU,4.923133,28.032132
Western Equatoria State,Ezo County,Naandi Payam,p8VVtV4PoDZ,Diabio PHCU,4.971670,28.025140
Western Equatoria State,Ezo County,Naandi Payam,Ky79dh4ChP1,Naandi PHCC,5.972244,27.911891
Western Equatoria State,Ezo County,Naandi Payam,qETxTwYpHyC,Nagasi PHCU,4.815416,27.901414
Western Equatoria State,Ezo County,Naandi Payam,knBs0a5gNdS,Nyasi PHCU,4.858983,27.875450
Western Equatoria State,Ezo County,Yangiri Payam,GhjKmPES8YF,Mafuyu PHCU,4.814246,27.867815
Western Equatoria State,Ezo County,Yangiri Payam,C3962wRGOWj,Yangiri PHCC,5.181500,27.956068
Western Equatoria State,Ezo County,Yangiri Payam,EghYlLEs94x,Yangura PHCU,5.145087,27.976455
Western Equatoria State,Ibba County,Ibba Centre Payam,uBgFxsrfllW,Ibba PHCC,4.791440,29.133520
Western Equatoria State,Ibba County,Madebe Payam,SuJv0v3iGDw,Madebe PHCC,4.798489,28.997605
Western Equatoria State,Ibba County,Madebe Payam,bQHfiYeA86z,Marko PHCU,4.798300,29.053450
Western Equatoria State,Ibba County,Maruko Payam,UyVbu42BdvV,Tanamuko PHCU,5.139959,28.777478
Western Equatoria State,Ibba County,Nabanga Payam,Ng7oY0JMyYV,Bamani PHCU,4.540436,29.171744
Western Equatoria State,Ibba County,Nabanga Payam,yWI9k6AM5pa,Nabanga PHCC,4.488600,29.086500
Western Equatoria State,Maridi County,Kozi Payam,kcgPOgga70z,Chochoro PHCU,4.999780,29.455990
Western Equatoria State,Maridi County,Kozi Payam,PfZOK4nMz2J,Kozi PHCU,5.507823,29.711640
Western Equatoria State,Maridi County,Kozi Payam,VR7Ips9sGs9,Woko PHCC,5.363080,29.618890
Western Equatoria State,Maridi County,Landili Payam,NRhiIlVBemz,Dukudu-olo PHCC,4.590831,29.863647
Western Equatoria State,Maridi County,Mambe Payam,An2lcxQw1q7,Olo PHCC,5.081960,29.829300
Western Equatoria State,Maridi County,Maridi Payam,ROXfyH8Js0V,Betha Saida ECS PHCC,4.911440,29.451470
Western Equatoria State,Maridi County,Maridi Payam,iqt2FuBd2Dv,Maridi Hospital,4.915980,29.464240
Western Equatoria State,Mundri East County,Kediba Payam,rgBQb8B65tm,Dosho PHCU,5.464930,30.465200
Western Equatoria State,Mundri East County,Kediba Payam,NsDebVnkSTF,Kediba PHCC,5.512620,30.725500
Western Equatoria State,Mundri East County,Kediba Payam,ogn6q0E0Fkl,Movo PHCU,5.388120,30.635700
Western Equatoria State,Mundri East County,Kediba Payam,aJXbKzABBWw,Wandi PHCU,5.496080,30.643550
Western Equatoria State,Mundri East County,Lakamadi Payam,oCSJOabss5P,Kasiko PHCU,5.721440,30.600798
Western Equatoria State,Mundri East County,Lakamadi Payam,pfjiXMZJ9OP,Lakamadi PHCC,5.667810,30.488360
Western Equatoria State,Mundri East County,Lozoh Payam,eaiA8q78lEi,Gabat PHCU,5.350550,30.325400
Western Equatoria State,Mundri East County,Lozoh Payam,P2sfwqKciKr,Lanyi PHCC,5.248090,30.508730
Western Equatoria State,Mundri East County,Lozoh Payam,RXMgaCDfAeE,Lozoh PHCU,5.157190,30.446740
Western Equatoria State,Mundri East County,Lozoh Payam,Gj5ckKJIoGm,Lui Hospital,5.342810,30.448670
Western Equatoria State,Mundri East County,Lozoh Payam,hG3jkaKr4Qi,Wiroh PHCU,5.309050,30.560160
Western Equatoria State,Mundri East County,Minga Payam,vWERHsSz5bh,Agyi PHCU,5.404250,30.860310
Western Equatoria State,Mundri East County,Minga Payam,Bw78gorAnUu,Minga PHCC,5.301020,30.865850
Western Equatoria State,Mundri East County,Witto Payam,CLFUGuwY8aP,Kporoloo PHCU,5.091139,30.682279
Western Equatoria State,Mundri East County,Witto Payam,OGMGp3d1LGZ,Miriba PHCU,5.064955,30.732010
Western Equatoria State,Mundri West County,Amadi Payam,If60O9veey1,Amadi PHCU,5.518970,30.335300
Western Equatoria State,Mundri West County,Amadi Payam,KdeD5jsgFFG,Bitti PHCU,5.569920,30.437430
Western Equatoria State,Mundri West County,Bangolo Payam,A05vJEYgDIk,Bongolo PHCC,4.827790,30.300920
Western Equatoria State,Mundri West County,Bangolo Payam,IRkTqmMKAjw,Ledingwa PHCU,4.949110,30.334210
Western Equatoria State,Mundri West County,Kotobi Payam,zpVx8jLW5OY,Bari PHCU,5.228140,30.395180
Western Equatoria State,Mundri West County,Kotobi Payam,x3g2hgm8uZv,Garia PHCU,5.033480,30.327960
Western Equatoria State,Mundri West County,Kotobi Payam,XNYKYFhwKBo,Goribalau PHCU,5.185131,30.197410
Western Equatoria State,Mundri West County,Kotobi Payam,nThUAAaASdT,Karika PHCU,5.129960,30.038310
Western Equatoria State,Mundri West County,Kotobi Payam,O1o6LKhy42i,Kotobi PHCC,5.242750,30.200990
Western Equatoria State,Mundri West County,Mundri Payam,PZNTOnjdAbd,Gulu PHCU,5.366820,30.159270
Western Equatoria State,Mundri West County,Mundri Payam,oAxaXUxwq6A,Mbara PHCU,5.386700,30.262640
Western Equatoria State,Mundri West County,Mundri Payam,ayldrHBcCRW,Mundri PHCC,5.346534,30.320864
Western Equatoria State,Mvolo County,Bagori Payam,U6paRuC0FQO,Bogori PHCC,5.740540,29.847510
Western Equatoria State,Mvolo County,Bagori Payam,xKXeDpPeH44,Gira PHCU,5.896880,29.895340
Western Equatoria State,Mvolo County,Bahr El Grindi Payam,KMquzOsewfA,Bahr Grindi PHCC,6.140730,30.177760
Western Equatoria State,Mvolo County,Bahr El Grindi Payam,OQn3Qv3esmn,Lali PHCU,6.211540,30.081670
Western Equatoria State,Mvolo County,Dari Payam,Czo5w2D9t1t,Dari PHCC,5.821140,30.356650
Western Equatoria State,Mvolo County,Kokori Payam,AieiBV0cOsk,Kombi PHCU,6.290300,29.938218
Western Equatoria State,Mvolo County,Kokori Payam,B4hKc9kmCjW,Kulu PHCC,6.229820,29.936650
Western Equatoria State,Mvolo County,Lessi Payam,llLWygkn9cQ,Lesi PHCC,5.882330,30.300930
Western Equatoria State,Mvolo County,Mvolo Payam,Oi2yQ2BsyHs,Domeri PHCU,5.965770,30.356650
Western Equatoria State,Mvolo County,Mvolo Payam,QKJuhmQ3tax,Mvolo County Hospital,6.059650,29.960530
Western Equatoria State,Mvolo County,Yeri Payam,wFUxwMMGQKb,Yeri PHCC,5.784670,30.104300
Western Equatoria State,Nagero County,Duma Payam,jUWCN4Uugrc,Duma PHCC,5.817820,27.575800
Western Equatoria State,Nagero County,Nagero Payam,QRIyKvkhNK2,Bandala PHCU,6.116881,27.722670
Western Equatoria State,Nagero County,Nagero Payam,Bmi9OUuhUpF,Kuro PHCU,6.242303,27.734034
Western Equatoria State,Nagero County,Nagero Payam,Af3eW5xFcYR,Maringindo PHCU,6.182791,27.443532
Western Equatoria State,Nagero County,Nagero Payam,ZrmgmesWdQp,Nagero PHCC,6.387600,27.764980
Western Equatoria State,Nagero County,Namutina Payam,FqmbUN7zWOj,Bassan PHCU,6.042000,27.199690
Western Equatoria State,Nagero County,Namutina Payam,L70twy21iB6,Dangu PHCU,6.473300,27.734560
Western Equatoria State,Nagero County,Namutina Payam,L9Qx6jiMYMB,Guruvanza PHCU,6.002600,27.298130
Western Equatoria State,Nagero County,Namutina Payam,WUJysFLYG6Y,Namutina PHCC,6.473300,27.734560
Western Equatoria State,Nagero County,Namutina Payam,uGZAg0bfs05,Ngogala PHCU,6.000950,27.073540
Western Equatoria State,Nagero County,Namutina Payam,dG9VW0Zcq9Z,Ngonzorono PHCU,5.873560,27.382180
Western Equatoria State,Nzara County,Basukangbi Payam,MRgmTnw8Uem,Basukangbi PHCC,4.683450,28.054200
Western Equatoria State,Nzara County,Nzara Centre Payam,JLTodKJa1Si,Nzara PHCC,4.642110,28.248130
Western Equatoria State,Nzara County,Nzara Centre Payam,CTNx9a6PH9Y,Yabuwa PHCU,4.649250,28.268090
Western Equatoria State,Nzara County,Ringasi Payam,JbuIhM7bvFU,Ringasi PHCC,4.928560,28.178070
Western Equatoria State,Nzara County,Sakure Payam,vDwXFYFdnfX,Nangirimo PHCU,4.469800,28.206380
Western Equatoria State,Nzara County,Sakure Payam,GR059OrPc4d,Sakure PHCC,4.396570,28.211610
Western Equatoria State,Nzara County,Sangua Payam,asyon5HaN8P,Sangua Two PHCU,4.620340,28.212980
Western Equatoria State,Tambura County,Mupoi Payam,rnvbr6ZUGym,Mabia PHCU,5.562030,27.524160
Western Equatoria State,Tambura County,Mupoi Payam,TerFHXdwE9J,Mupoi PHCC,5.562197,27.524122
Western Equatoria State,Tambura County,Mupoi Payam,FBci2Yu66Lb,Nangongo PHCU,5.625969,27.475111
Western Equatoria State,Tambura County,Rii - Yubu Payam,iGTk9UF2dEM,Bambu PHCU,5.452480,27.346360
Western Equatoria State,Tambura County,Rii - Yubu Payam,jTozE09VrMh,Mabenge PHCU,5.496564,27.297333
Western Equatoria State,Tambura County,Rii - Yubu Payam,pgQndMGmvak,Ngboko PHCU,5.391050,27.299140
Western Equatoria State,Tambura County,Rii - Yubu Payam,IkWTV0S5nRN,Source Yubu PHCC,5.388500,27.251230
Western Equatoria State,Tambura County,Tambura Payam,bZmyqQnCBy4,Akpa PHCU,5.568864,27.340872
Western Equatoria State,Tambura County,Tambura Payam,ZvY53rerVAi,Bakiringba PHCU,5.651261,27.410853
Western Equatoria State,Tambura County,Tambura Payam,hEuKuJkZUyK,Dingimo PHCU,5.606425,27.348189
Western Equatoria State,Tambura County,Tambura Payam,zOH0XmIOR2P,Gamunakpe PHCU,5.572917,27.496853
Western Equatoria State,Tambura County,Tambura Payam,QzSK4zO9C21,Mabaiku PHCU,5.565840,27.432620
Western Equatoria State,Tambura County,Tambura Payam,CVKE369Zu9r,Mangburu PHCU,5.659990,27.504680
Western Equatoria State,Tambura County,Tambura Payam,pQMHUp8Pa8U,Matakurungu PHCU,5.579233,27.457069
Western Equatoria State,Tambura County,Tambura Payam,IVKPansPaLI,Matato PHCU,5.626100,27.406210
Western Equatoria State,Tambura County,Tambura Payam,fuCr8ugl2vA,Nabaria PHCU,5.634566,27.447814
Western Equatoria State,Tambura County,Tambura Payam,XLKGyZtHkbJ,Nzama PHCU,5.619890,27.525090
Western Equatoria State,Tambura County,Tambura Payam,kyfEbge1qyM,Sinakpuro PHCU,5.590556,27.405381
Western Equatoria State,Tambura County,Tambura Payam,iw5LCW5Oq5m,Tambura County Hospital,5.600330,27.474960
Western Equatoria State,Tambura County,Tambura Payam,XJDSlOAZ6fc,Tambura PHCC,5.599780,27.475440
Western Equatoria State,Yambio County,Bangasu Payam,fStpD2P9h2W,Bangasu PHCC,4.792230,28.776720
Western Equatoria State,Yambio County,Gangura Payam,ZI7b5hizWNL,Gangura PHCC,4.446940,28.487190
Western Equatoria State,Yambio County,Nadiangere Payam,e1HFHwzlU1S,Nadiagere PHCC,5.445507,28.340820
Western Equatoria State,Yambio County,Ri-rangu Payam,EEib4S2hAbb,Li Rangu PHCC,4.727690,28.359580
Western Equatoria State,Yambio County,Yambio Town Payam,aOgd73bOP6M,Bazungua PHCC,4.591980,28.451730
Western Equatoria State,Yambio County,Yambio Town Payam,BcVc8mdBEhP,Saura one PHCU,4.623050,28.337910
Western Equatoria State,Yambio County,Yambio Town Payam,mfcgx67KOiG,Yambio PHCC,4.566500,28.397500
Western Equatoria State,Yambio County,Yambio Town Payam,Kl8l29Akoma,Yambio State Hospital,4.572130,28.395490